OBJECTID,nazev,rid,fakulta_pracoviste,nazev_studijniho_programu,kod_sp,nazev_studijniho_oboru,kod_so,celkem_cr,celkem_khk,nazev_vusc,kod_vusc,nazev_okresu,kod_okresu,nazev_orp,kod_orp,nazev_obce,kod_obce,nazev_ulice,cislo_domovni,typ_cisla_domovniho,cislo_orientacni,psc,www,wkt,x,y,dp_id
1,Česká zemědělská univerzita v Praze,41110,Provozně ekonomická fakulta,Hospodářská politika a správa,B6202,,,145,4,Královehradecký kraj,CZ052,Hradec Králové ,CZ0521,Hradec Králové,5205,Hradec Králové ,569810,Veverkova ,1343,č.p.,,50002,https://www.pef.czu.cz/cs/r-17582-uchazeci/r-19592-centra-vzdelavani-v-regionech/r-10033-cv-hradec-kralove,POINT(50.2064533  15.8148219),15.8148219,50.2064533,AVS1
2,Česká zemědělská univerzita v Praze,41110,Provozně ekonomická fakulta,Hospodářská politika a správa,N6202,,,321,4,Královehradecký kraj,CZ052,Hradec Králové ,CZ0521,Hradec Králové,5205,Hradec Králové ,569810,Veverkova ,1343,č.p.,,50002,https://www.pef.czu.cz/cs/r-17582-uchazeci/r-19592-centra-vzdelavani-v-regionech/r-10033-cv-hradec-kralove,POINT(50.2064533  15.8148219),15.8148219,50.2064533,AVS2
3,Česká zemědělská univerzita v Praze,41110,Provozně ekonomická fakulta,Hospodářská politika a správa,B6202,Veřejná správa a regionální rozvoj,6202R065,33,4,Královehradecký kraj,CZ052,Hradec Králové ,CZ0521,Hradec Králové,5205,Hradec Králové ,569810,Veverkova ,1343,č.p.,,50002,https://www.pef.czu.cz/cs/r-17582-uchazeci/r-19592-centra-vzdelavani-v-regionech/r-10033-cv-hradec-kralove,POINT(50.2064533  15.8148219),15.8148219,50.2064533,AVS3
4,Česká zemědělská univerzita v Praze,41110,Provozně ekonomická fakulta,Hospodářská politika a správa,N6202,Veřejná správa a regionální rozvoj,6202T065,36,4,Královehradecký kraj,CZ052,Hradec Králové ,CZ0521,Hradec Králové,5205,Hradec Králové ,569810,Veverkova ,1343,č.p.,,50002,https://www.pef.czu.cz/cs/r-17582-uchazeci/r-19592-centra-vzdelavani-v-regionech/r-10033-cv-hradec-kralove,POINT(50.2064533  15.8148219),15.8148219,50.2064533,AVS4
5,Česká zemědělská univerzita v Praze,41110,Provozně ekonomická fakulta,Veřejná správa a regionální rozvoj,B0312A050002,,,146,44,Královehradecký kraj,CZ052,Hradec Králové ,CZ0521,Hradec Králové,5205,Hradec Králové ,569810,Veverkova ,1343,č.p.,,50002,https://www.pef.czu.cz/cs/r-17582-uchazeci/r-19592-centra-vzdelavani-v-regionech/r-10033-cv-hradec-kralove,POINT(50.2064533  15.8148219),15.8148219,50.2064533,AVS5
6,Česká zemědělská univerzita v Praze,41110,Provozně ekonomická fakulta,Veřejná správa a regionální rozvoj,N0312A050002,,,265,49,Královehradecký kraj,CZ052,Hradec Králové ,CZ0521,Hradec Králové,5205,Hradec Králové ,569810,Veverkova ,1343,č.p.,,50002,https://www.pef.czu.cz/cs/r-17582-uchazeci/r-19592-centra-vzdelavani-v-regionech/r-10033-cv-hradec-kralove,POINT(50.2064533  15.8148219),15.8148219,50.2064533,AVS6
7,Univerzita  Hradec Králové,18440,Pedagogická fakulta,Anglický jazyk se zaměřením na vzdělávání,B0114A090004,,,1,1,Královehradecký kraj,CZ052,Hradec Králové ,CZ0521,Hradec Králové,5205,Hradec Králové ,569810,náměstí Svobody ,301,č.p.,,50002,https://www.uhk.cz/cs/pedagogicka-fakulta/pdf,POINT(50.2095147  15.8267314),15.8267314,50.2095147,AVS7
8,Univerzita  Hradec Králové,18440,Pedagogická fakulta,Český jazyk a literatura se zaměřením na vzdělávání,B0114A090005,,,1,1,Královehradecký kraj,CZ052,Hradec Králové ,CZ0521,Hradec Králové,5205,Hradec Králové ,569810,náměstí Svobody ,301,č.p.,,50002,https://www.uhk.cz/cs/pedagogicka-fakulta/pdf,POINT(50.2095147  15.8267314),15.8267314,50.2095147,AVS8
9,Univerzita  Hradec Králové,18440,Pedagogická fakulta,Etická výchova se zaměřením na vzdělávání,B0114A300052,,,2,2,Královehradecký kraj,CZ052,Hradec Králové ,CZ0521,Hradec Králové,5205,Hradec Králové ,569810,náměstí Svobody ,301,č.p.,,50002,https://www.uhk.cz/cs/pedagogicka-fakulta/pdf,POINT(50.2095147  15.8267314),15.8267314,50.2095147,AVS9
10,Univerzita  Hradec Králové,18440,Pedagogická fakulta,Filologie,B7310,,,35,35,Královehradecký kraj,CZ052,Hradec Králové ,CZ0521,Hradec Králové,5205,Hradec Králové ,569810,náměstí Svobody ,301,č.p.,,50002,https://www.uhk.cz/cs/pedagogicka-fakulta/pdf,POINT(50.2095147  15.8267314),15.8267314,50.2095147,AVS10
11,Univerzita  Hradec Králové,18440,Pedagogická fakulta,Filologie,P7310,,,1,1,Královehradecký kraj,CZ052,Hradec Králové ,CZ0521,Hradec Králové,5205,Hradec Králové ,569810,náměstí Svobody ,301,č.p.,,50002,https://www.uhk.cz/cs/pedagogicka-fakulta/pdf,POINT(50.2095147  15.8267314),15.8267314,50.2095147,AVS11
12,Univerzita  Hradec Králové,18440,Pedagogická fakulta,Filologie,B7310,Cizí jazyky pro cestovní ruch - anglický jazyk,7310R228,13,13,Královehradecký kraj,CZ052,Hradec Králové ,CZ0521,Hradec Králové,5205,Hradec Králové ,569810,náměstí Svobody ,301,č.p.,,50002,https://www.uhk.cz/cs/pedagogicka-fakulta/pdf,POINT(50.2095147  15.8267314),15.8267314,50.2095147,AVS12
13,Univerzita  Hradec Králové,18440,Pedagogická fakulta,Filologie,B7310,Cizí jazyky pro cestovní ruch - německý jazyk,7310R230,2,2,Královehradecký kraj,CZ052,Hradec Králové ,CZ0521,Hradec Králové,5205,Hradec Králové ,569810,náměstí Svobody ,301,č.p.,,50002,https://www.uhk.cz/cs/pedagogicka-fakulta/pdf,POINT(50.2095147  15.8267314),15.8267314,50.2095147,AVS13
14,Univerzita  Hradec Králové,18440,Pedagogická fakulta,Filologie,B7310,Jazyková a literární kultura,7202R001,20,20,Královehradecký kraj,CZ052,Hradec Králové ,CZ0521,Hradec Králové,5205,Hradec Králové ,569810,náměstí Svobody ,301,č.p.,,50002,https://www.uhk.cz/cs/pedagogicka-fakulta/pdf,POINT(50.2095147  15.8267314),15.8267314,50.2095147,AVS14
15,Univerzita  Hradec Králové,18440,Pedagogická fakulta,Filologie,P7310,Teorie a dějiny české literatury,8106V004,1,1,Královehradecký kraj,CZ052,Hradec Králové ,CZ0521,Hradec Králové,5205,Hradec Králové ,569810,náměstí Svobody ,301,č.p.,,50002,https://www.uhk.cz/cs/pedagogicka-fakulta/pdf,POINT(50.2095147  15.8267314),15.8267314,50.2095147,AVS15
16,Univerzita  Hradec Králové,18440,Pedagogická fakulta,Hra na nástroj se zaměřením na vzdělávání,B0114A300054,,,1,1,Královehradecký kraj,CZ052,Hradec Králové ,CZ0521,Hradec Králové,5205,Hradec Králové ,569810,náměstí Svobody ,301,č.p.,,50002,https://www.uhk.cz/cs/pedagogicka-fakulta/pdf,POINT(50.2095147  15.8267314),15.8267314,50.2095147,AVS16
17,Univerzita  Hradec Králové,18440,Pedagogická fakulta,Hudební kultura se zaměřením na vzdělávání,B0114A300055,,,1,1,Královehradecký kraj,CZ052,Hradec Králové ,CZ0521,Hradec Králové,5205,Hradec Králové ,569810,náměstí Svobody ,301,č.p.,,50002,https://www.uhk.cz/cs/pedagogicka-fakulta/pdf,POINT(50.2095147  15.8267314),15.8267314,50.2095147,AVS17
18,Univerzita  Hradec Králové,18440,Pedagogická fakulta,Humanitní studia,B6107,,,22,22,Královehradecký kraj,CZ052,Hradec Králové ,CZ0521,Hradec Králové,5205,Hradec Králové ,569810,náměstí Svobody ,301,č.p.,,50002,https://www.uhk.cz/cs/pedagogicka-fakulta/pdf,POINT(50.2095147  15.8267314),15.8267314,50.2095147,AVS18
19,Univerzita  Hradec Králové,18440,Pedagogická fakulta,Humanitní studia,B6107,Transkulturní komunikace,7507R090,22,22,Královehradecký kraj,CZ052,Hradec Králové ,CZ0521,Hradec Králové,5205,Hradec Králové ,569810,náměstí Svobody ,301,č.p.,,50002,https://www.uhk.cz/cs/pedagogicka-fakulta/pdf,POINT(50.2095147  15.8267314),15.8267314,50.2095147,AVS19
20,Univerzita  Hradec Králové,18440,Pedagogická fakulta,Pedagogika předškolního věku se zaměřením na děti se speciálními potřebami,N0112A300001,,,22,22,Královehradecký kraj,CZ052,Hradec Králové ,CZ0521,Hradec Králové,5205,Hradec Králové ,569810,náměstí Svobody ,301,č.p.,,50002,https://www.uhk.cz/cs/pedagogicka-fakulta/pdf,POINT(50.2095147  15.8267314),15.8267314,50.2095147,AVS20
21,Univerzita  Hradec Králové,18440,Pedagogická fakulta,Předškolní a mimoškolní pedagogika,N7531,,,8,8,Královehradecký kraj,CZ052,Hradec Králové ,CZ0521,Hradec Králové,5205,Hradec Králové ,569810,náměstí Svobody ,301,č.p.,,50002,https://www.uhk.cz/cs/pedagogicka-fakulta/pdf,POINT(50.2095147  15.8267314),15.8267314,50.2095147,AVS21
22,Univerzita  Hradec Králové,18440,Pedagogická fakulta,Předškolní a mimoškolní pedagogika,N7531,Pedagogika předškolního věku,7501T010,8,8,Královehradecký kraj,CZ052,Hradec Králové ,CZ0521,Hradec Králové,5205,Hradec Králové ,569810,náměstí Svobody ,301,č.p.,,50002,https://www.uhk.cz/cs/pedagogicka-fakulta/pdf,POINT(50.2095147  15.8267314),15.8267314,50.2095147,AVS22
23,Univerzita  Hradec Králové,18440,Pedagogická fakulta,Specializace v pedagogice,B7507,,,189,189,Královehradecký kraj,CZ052,Hradec Králové ,CZ0521,Hradec Králové,5205,Hradec Králové ,569810,náměstí Svobody ,301,č.p.,,50002,https://www.uhk.cz/cs/pedagogicka-fakulta/pdf,POINT(50.2095147  15.8267314),15.8267314,50.2095147,AVS23
24,Univerzita  Hradec Králové,18440,Pedagogická fakulta,Specializace v pedagogice,N7507,,,74,74,Královehradecký kraj,CZ052,Hradec Králové ,CZ0521,Hradec Králové,5205,Hradec Králové ,569810,náměstí Svobody ,301,č.p.,,50002,https://www.uhk.cz/cs/pedagogicka-fakulta/pdf,POINT(50.2095147  15.8267314),15.8267314,50.2095147,AVS24
25,Univerzita  Hradec Králové,18440,Pedagogická fakulta,Specializace v pedagogice,P7507,,,5,5,Královehradecký kraj,CZ052,Hradec Králové ,CZ0521,Hradec Králové,5205,Hradec Králové ,569810,náměstí Svobody ,301,č.p.,,50002,https://www.uhk.cz/cs/pedagogicka-fakulta/pdf,POINT(50.2095147  15.8267314),15.8267314,50.2095147,AVS25
26,Univerzita  Hradec Králové,18440,Pedagogická fakulta,Specializace v pedagogice,B7507,Český jazyk se zaměřením na vzdělávání,7507R037,2,2,Královehradecký kraj,CZ052,Hradec Králové ,CZ0521,Hradec Králové,5205,Hradec Králové ,569810,náměstí Svobody ,301,č.p.,,50002,https://www.uhk.cz/cs/pedagogicka-fakulta/pdf,POINT(50.2095147  15.8267314),15.8267314,50.2095147,AVS26
27,Univerzita  Hradec Králové,18440,Pedagogická fakulta,Specializace v pedagogice,B7507,Grafická tvorba - multimédia,7507R057,13,13,Královehradecký kraj,CZ052,Hradec Králové ,CZ0521,Hradec Králové,5205,Hradec Králové ,569810,náměstí Svobody ,301,č.p.,,50002,https://www.uhk.cz/cs/pedagogicka-fakulta/pdf,POINT(50.2095147  15.8267314),15.8267314,50.2095147,AVS27
28,Univerzita  Hradec Králové,18440,Pedagogická fakulta,Specializace v pedagogice,B7507,Historie se zaměřením na vzdělávání,7105R056,16,16,Královehradecký kraj,CZ052,Hradec Králové ,CZ0521,Hradec Králové,5205,Hradec Králové ,569810,náměstí Svobody ,301,č.p.,,50002,https://www.uhk.cz/cs/pedagogicka-fakulta/pdf,POINT(50.2095147  15.8267314),15.8267314,50.2095147,AVS28
29,Univerzita  Hradec Králové,18440,Pedagogická fakulta,Specializace v pedagogice,B7507,Hudební kultura se zaměřením na vzdělávání,7507R029,4,4,Královehradecký kraj,CZ052,Hradec Králové ,CZ0521,Hradec Králové,5205,Hradec Králové ,569810,náměstí Svobody ,301,č.p.,,50002,https://www.uhk.cz/cs/pedagogicka-fakulta/pdf,POINT(50.2095147  15.8267314),15.8267314,50.2095147,AVS29
30,Univerzita  Hradec Králové,18440,Pedagogická fakulta,Specializace v pedagogice,P7507,Hudební teorie a pedagogika,7501V005,1,1,Královehradecký kraj,CZ052,Hradec Králové ,CZ0521,Hradec Králové,5205,Hradec Králové ,569810,náměstí Svobody ,301,č.p.,,50002,https://www.uhk.cz/cs/pedagogicka-fakulta/pdf,POINT(50.2095147  15.8267314),15.8267314,50.2095147,AVS30
31,Univerzita  Hradec Králové,18440,Pedagogická fakulta,Specializace v pedagogice,P7507,Informační a komunikační technologie ve vzdělávání,7507V066,4,4,Královehradecký kraj,CZ052,Hradec Králové ,CZ0521,Hradec Králové,5205,Hradec Králové ,569810,náměstí Svobody ,301,č.p.,,50002,https://www.uhk.cz/cs/pedagogicka-fakulta/pdf,POINT(50.2095147  15.8267314),15.8267314,50.2095147,AVS31
32,Univerzita  Hradec Králové,18440,Pedagogická fakulta,Specializace v pedagogice,B7507,Náboženská výchova a etika,7501R023,8,8,Královehradecký kraj,CZ052,Hradec Králové ,CZ0521,Hradec Králové,5205,Hradec Králové ,569810,náměstí Svobody ,301,č.p.,,50002,https://www.uhk.cz/cs/pedagogicka-fakulta/pdf,POINT(50.2095147  15.8267314),15.8267314,50.2095147,AVS32
33,Univerzita  Hradec Králové,18440,Pedagogická fakulta,Specializace v pedagogice,B7507,Ruský jazyk se zaměřením na vzdělávání,7507R060,1,1,Královehradecký kraj,CZ052,Hradec Králové ,CZ0521,Hradec Králové,5205,Hradec Králové ,569810,náměstí Svobody ,301,č.p.,,50002,https://www.uhk.cz/cs/pedagogicka-fakulta/pdf,POINT(50.2095147  15.8267314),15.8267314,50.2095147,AVS33
34,Univerzita  Hradec Králové,18440,Pedagogická fakulta,Specializace v pedagogice,B7507,Sociální komunikace v neziskovém sektoru,7507R095,12,12,Královehradecký kraj,CZ052,Hradec Králové ,CZ0521,Hradec Králové,5205,Hradec Králové ,569810,náměstí Svobody ,301,č.p.,,50002,https://www.uhk.cz/cs/pedagogicka-fakulta/pdf,POINT(50.2095147  15.8267314),15.8267314,50.2095147,AVS34
35,Univerzita  Hradec Králové,18440,Pedagogická fakulta,Specializace v pedagogice,B7507,Sociální patologie a prevence,7502R008,57,57,Královehradecký kraj,CZ052,Hradec Králové ,CZ0521,Hradec Králové,5205,Hradec Králové ,569810,náměstí Svobody ,301,č.p.,,50002,https://www.uhk.cz/cs/pedagogicka-fakulta/pdf,POINT(50.2095147  15.8267314),15.8267314,50.2095147,AVS35
36,Univerzita  Hradec Králové,18440,Pedagogická fakulta,Specializace v pedagogice,N7507,Sociální pedagogika,7502T011,63,63,Královehradecký kraj,CZ052,Hradec Králové ,CZ0521,Hradec Králové,5205,Hradec Králové ,569810,náměstí Svobody ,301,č.p.,,50002,https://www.uhk.cz/cs/pedagogicka-fakulta/pdf,POINT(50.2095147  15.8267314),15.8267314,50.2095147,AVS36
37,Univerzita  Hradec Králové,18440,Pedagogická fakulta,Specializace v pedagogice,B7507,Sociální pedagogika se zaměřením na výchovnou práci v etopedických zařízeních,7505R023,30,30,Královehradecký kraj,CZ052,Hradec Králové ,CZ0521,Hradec Králové,5205,Hradec Králové ,569810,náměstí Svobody ,301,č.p.,,50002,https://www.uhk.cz/cs/pedagogicka-fakulta/pdf,POINT(50.2095147  15.8267314),15.8267314,50.2095147,AVS37
38,Univerzita  Hradec Králové,18440,Pedagogická fakulta,Specializace v pedagogice,B7507,Společenské vědy se zaměřením na vzdělávání,7507R030,7,7,Královehradecký kraj,CZ052,Hradec Králové ,CZ0521,Hradec Králové,5205,Hradec Králové ,569810,náměstí Svobody ,301,č.p.,,50002,https://www.uhk.cz/cs/pedagogicka-fakulta/pdf,POINT(50.2095147  15.8267314),15.8267314,50.2095147,AVS38
39,Univerzita  Hradec Králové,18440,Pedagogická fakulta,Specializace v pedagogice,B7507,Tělesná výchova a sport se zaměřením na vzdělávání,7507R043,4,4,Královehradecký kraj,CZ052,Hradec Králové ,CZ0521,Hradec Králové,5205,Hradec Králové ,569810,náměstí Svobody ,301,č.p.,,50002,https://www.uhk.cz/cs/pedagogicka-fakulta/pdf,POINT(50.2095147  15.8267314),15.8267314,50.2095147,AVS39
40,Univerzita  Hradec Králové,18440,Pedagogická fakulta,Specializace v pedagogice,B7507,Učitelství praktického vyučování,7504R271,10,10,Královehradecký kraj,CZ052,Hradec Králové ,CZ0521,Hradec Králové,5205,Hradec Králové ,569810,náměstí Svobody ,301,č.p.,,50002,https://www.uhk.cz/cs/pedagogicka-fakulta/pdf,POINT(50.2095147  15.8267314),15.8267314,50.2095147,AVS40
41,Univerzita  Hradec Králové,18440,Pedagogická fakulta,Specializace v pedagogice,B7507,Učitelství pro mateřské školy,7531R001,16,16,Královehradecký kraj,CZ052,Hradec Králové ,CZ0521,Hradec Králové,5205,Hradec Králové ,569810,náměstí Svobody ,301,č.p.,,50002,https://www.uhk.cz/cs/pedagogicka-fakulta/pdf,POINT(50.2095147  15.8267314),15.8267314,50.2095147,AVS41
42,Univerzita  Hradec Králové,18440,Pedagogická fakulta,Specializace v pedagogice,N7507,Učitelství výtvarné výchovy pro základní umělecké školy a střední školy,7504T338,11,11,Královehradecký kraj,CZ052,Hradec Králové ,CZ0521,Hradec Králové,5205,Hradec Králové ,569810,náměstí Svobody ,301,č.p.,,50002,https://www.uhk.cz/cs/pedagogicka-fakulta/pdf,POINT(50.2095147  15.8267314),15.8267314,50.2095147,AVS42
43,Univerzita  Hradec Králové,18440,Pedagogická fakulta,Specializace v pedagogice,B7507,Uměleckopedagogické studium - textilní tvorba,7507R006,4,4,Královehradecký kraj,CZ052,Hradec Králové ,CZ0521,Hradec Králové,5205,Hradec Králové ,569810,náměstí Svobody ,301,č.p.,,50002,https://www.uhk.cz/cs/pedagogicka-fakulta/pdf,POINT(50.2095147  15.8267314),15.8267314,50.2095147,AVS43
44,Univerzita  Hradec Králové,18440,Pedagogická fakulta,Specializace v pedagogice,B7507,Výtvarná tvorba se zaměřením na vzdělávání,7507R032,5,5,Královehradecký kraj,CZ052,Hradec Králové ,CZ0521,Hradec Králové,5205,Hradec Králové ,569810,náměstí Svobody ,301,č.p.,,50002,https://www.uhk.cz/cs/pedagogicka-fakulta/pdf,POINT(50.2095147  15.8267314),15.8267314,50.2095147,AVS44
45,Univerzita  Hradec Králové,18440,Pedagogická fakulta,Speciální pedagogika,B7506,,,44,44,Královehradecký kraj,CZ052,Hradec Králové ,CZ0521,Hradec Králové,5205,Hradec Králové ,569810,náměstí Svobody ,301,č.p.,,50002,https://www.uhk.cz/cs/pedagogicka-fakulta/pdf,POINT(50.2095147  15.8267314),15.8267314,50.2095147,AVS45
46,Univerzita  Hradec Králové,18440,Pedagogická fakulta,Speciální pedagogika,B7506,Speciální pedagogika – intervence,7506R052,22,22,Královehradecký kraj,CZ052,Hradec Králové ,CZ0521,Hradec Králové,5205,Hradec Králové ,569810,náměstí Svobody ,301,č.p.,,50002,https://www.uhk.cz/cs/pedagogicka-fakulta/pdf,POINT(50.2095147  15.8267314),15.8267314,50.2095147,AVS46
47,Univerzita  Hradec Králové,18440,Pedagogická fakulta,Speciální pedagogika,B7506,Výchovná práce ve speciálních zařízeních,7506R025,22,22,Královehradecký kraj,CZ052,Hradec Králové ,CZ0521,Hradec Králové,5205,Hradec Králové ,569810,náměstí Svobody ,301,č.p.,,50002,https://www.uhk.cz/cs/pedagogicka-fakulta/pdf,POINT(50.2095147  15.8267314),15.8267314,50.2095147,AVS47
48,Univerzita  Hradec Králové,18440,Pedagogická fakulta,Tělesná výchova se zaměřením na vzdělávání,B0114A300058,,,1,1,Královehradecký kraj,CZ052,Hradec Králové ,CZ0521,Hradec Králové,5205,Hradec Králové ,569810,náměstí Svobody ,301,č.p.,,50002,https://www.uhk.cz/cs/pedagogicka-fakulta/pdf,POINT(50.2095147  15.8267314),15.8267314,50.2095147,AVS48
49,Univerzita  Hradec Králové,18440,Pedagogická fakulta,Transkulturní komunikace,N0288A100001,,,2,2,Královehradecký kraj,CZ052,Hradec Králové ,CZ0521,Hradec Králové,5205,Hradec Králové ,569810,náměstí Svobody ,301,č.p.,,50002,https://www.uhk.cz/cs/pedagogicka-fakulta/pdf,POINT(50.2095147  15.8267314),15.8267314,50.2095147,AVS49
50,Univerzita  Hradec Králové,18440,Pedagogická fakulta,Učitelství pro 2. stupeň základních škol,N0114A300051,,,1,1,Královehradecký kraj,CZ052,Hradec Králové ,CZ0521,Hradec Králové,5205,Hradec Králové ,569810,náměstí Svobody ,301,č.p.,,50002,https://www.uhk.cz/cs/pedagogicka-fakulta/pdf,POINT(50.2095147  15.8267314),15.8267314,50.2095147,AVS50
51,Univerzita  Hradec Králové,18440,Pedagogická fakulta,Učitelství pro mateřské školy,B0112A300001,,,19,19,Královehradecký kraj,CZ052,Hradec Králové ,CZ0521,Hradec Králové,5205,Hradec Králové ,569810,náměstí Svobody ,301,č.p.,,50002,https://www.uhk.cz/cs/pedagogicka-fakulta/pdf,POINT(50.2095147  15.8267314),15.8267314,50.2095147,AVS51
52,Univerzita  Hradec Králové,18440,Pedagogická fakulta,Učitelství pro střední školy,N0114A300053,,,14,14,Královehradecký kraj,CZ052,Hradec Králové ,CZ0521,Hradec Králové,5205,Hradec Králové ,569810,náměstí Svobody ,301,č.p.,,50002,https://www.uhk.cz/cs/pedagogicka-fakulta/pdf,POINT(50.2095147  15.8267314),15.8267314,50.2095147,AVS52
53,Univerzita  Hradec Králové,18440,Pedagogická fakulta,Učitelství pro střední školy,N7504,,,14,14,Královehradecký kraj,CZ052,Hradec Králové ,CZ0521,Hradec Králové,5205,Hradec Králové ,569810,náměstí Svobody ,301,č.p.,,50002,https://www.uhk.cz/cs/pedagogicka-fakulta/pdf,POINT(50.2095147  15.8267314),15.8267314,50.2095147,AVS53
54,Univerzita  Hradec Králové,18440,Pedagogická fakulta,Učitelství pro střední školy,N7504,Učitelství pro střední školy - dějepis,7504T256,3,3,Královehradecký kraj,CZ052,Hradec Králové ,CZ0521,Hradec Králové,5205,Hradec Králové ,569810,náměstí Svobody ,301,č.p.,,50002,https://www.uhk.cz/cs/pedagogicka-fakulta/pdf,POINT(50.2095147  15.8267314),15.8267314,50.2095147,AVS54
55,Univerzita  Hradec Králové,18440,Pedagogická fakulta,Učitelství pro střední školy,N7504,Učitelství pro střední školy - hudební výchova,7504T259,3,3,Královehradecký kraj,CZ052,Hradec Králové ,CZ0521,Hradec Králové,5205,Hradec Králové ,569810,náměstí Svobody ,301,č.p.,,50002,https://www.uhk.cz/cs/pedagogicka-fakulta/pdf,POINT(50.2095147  15.8267314),15.8267314,50.2095147,AVS55
56,Univerzita  Hradec Králové,18440,Pedagogická fakulta,Učitelství pro střední školy,N7504,Učitelství pro střední školy - informatika,7504T261,2,2,Královehradecký kraj,CZ052,Hradec Králové ,CZ0521,Hradec Králové,5205,Hradec Králové ,569810,náměstí Svobody ,301,č.p.,,50002,https://www.uhk.cz/cs/pedagogicka-fakulta/pdf,POINT(50.2095147  15.8267314),15.8267314,50.2095147,AVS56
57,Univerzita  Hradec Králové,18440,Pedagogická fakulta,Učitelství pro střední školy,N7504,Učitelství pro střední školy - tělesná výchova,7504T265,3,3,Královehradecký kraj,CZ052,Hradec Králové ,CZ0521,Hradec Králové,5205,Hradec Králové ,569810,náměstí Svobody ,301,č.p.,,50002,https://www.uhk.cz/cs/pedagogicka-fakulta/pdf,POINT(50.2095147  15.8267314),15.8267314,50.2095147,AVS57
58,Univerzita  Hradec Králové,18440,Pedagogická fakulta,Učitelství pro střední školy,N7504,Učitelství pro střední školy - výtvarná výchova,7504T266,1,1,Královehradecký kraj,CZ052,Hradec Králové ,CZ0521,Hradec Králové,5205,Hradec Králové ,569810,náměstí Svobody ,301,č.p.,,50002,https://www.uhk.cz/cs/pedagogicka-fakulta/pdf,POINT(50.2095147  15.8267314),15.8267314,50.2095147,AVS58
59,Univerzita  Hradec Králové,18440,Pedagogická fakulta,Učitelství pro střední školy,N7504,Učitelství pro střední školy - základy společenských věd,7504T267,1,1,Královehradecký kraj,CZ052,Hradec Králové ,CZ0521,Hradec Králové,5205,Hradec Králové ,569810,náměstí Svobody ,301,č.p.,,50002,https://www.uhk.cz/cs/pedagogicka-fakulta/pdf,POINT(50.2095147  15.8267314),15.8267314,50.2095147,AVS59
60,Univerzita  Hradec Králové,18440,Pedagogická fakulta,Učitelství pro střední školy,N7504,Učitelství pro střední školy - základy techniky,7504T113,1,1,Královehradecký kraj,CZ052,Hradec Králové ,CZ0521,Hradec Králové,5205,Hradec Králové ,569810,náměstí Svobody ,301,č.p.,,50002,https://www.uhk.cz/cs/pedagogicka-fakulta/pdf,POINT(50.2095147  15.8267314),15.8267314,50.2095147,AVS60
61,Univerzita  Hradec Králové,18440,Pedagogická fakulta,Učitelství pro základní školy,M7503,,,101,101,Královehradecký kraj,CZ052,Hradec Králové ,CZ0521,Hradec Králové,5205,Hradec Králové ,569810,náměstí Svobody ,301,č.p.,,50002,https://www.uhk.cz/cs/pedagogicka-fakulta/pdf,POINT(50.2095147  15.8267314),15.8267314,50.2095147,AVS61
62,Univerzita  Hradec Králové,18440,Pedagogická fakulta,Učitelství pro základní školy,N7503,,,6,6,Královehradecký kraj,CZ052,Hradec Králové ,CZ0521,Hradec Králové,5205,Hradec Králové ,569810,náměstí Svobody ,301,č.p.,,50002,https://www.uhk.cz/cs/pedagogicka-fakulta/pdf,POINT(50.2095147  15.8267314),15.8267314,50.2095147,AVS62
63,Univerzita  Hradec Králové,18440,Pedagogická fakulta,Učitelství pro základní školy,M7503,Učitelství pro 1. stupeň základní školy,7503T047,66,66,Královehradecký kraj,CZ052,Hradec Králové ,CZ0521,Hradec Králové,5205,Hradec Králové ,569810,náměstí Svobody ,301,č.p.,,50002,https://www.uhk.cz/cs/pedagogicka-fakulta/pdf,POINT(50.2095147  15.8267314),15.8267314,50.2095147,AVS63
64,Univerzita  Hradec Králové,18440,Pedagogická fakulta,Učitelství pro základní školy,N7503,Učitelství pro 2. stupeň základních škol - anglický jazyk a literatura,7503T160,1,1,Královehradecký kraj,CZ052,Hradec Králové ,CZ0521,Hradec Králové,5205,Hradec Králové ,569810,náměstí Svobody ,301,č.p.,,50002,https://www.uhk.cz/cs/pedagogicka-fakulta/pdf,POINT(50.2095147  15.8267314),15.8267314,50.2095147,AVS64
65,Univerzita  Hradec Králové,18440,Pedagogická fakulta,Učitelství pro základní školy,M7503,Učitelství pro 2. stupeň základních škol - ruský jazyk a literatura,7503T164,2,2,Královehradecký kraj,CZ052,Hradec Králové ,CZ0521,Hradec Králové,5205,Hradec Králové ,569810,náměstí Svobody ,301,č.p.,,50002,https://www.uhk.cz/cs/pedagogicka-fakulta/pdf,POINT(50.2095147  15.8267314),15.8267314,50.2095147,AVS65
66,Univerzita  Hradec Králové,18440,Pedagogická fakulta,Učitelství pro základní školy,M7503,Učitelství pro 2. stupeň ZŠ - anglický jazyk,7503T063,10,10,Královehradecký kraj,CZ052,Hradec Králové ,CZ0521,Hradec Králové,5205,Hradec Králové ,569810,náměstí Svobody ,301,č.p.,,50002,https://www.uhk.cz/cs/pedagogicka-fakulta/pdf,POINT(50.2095147  15.8267314),15.8267314,50.2095147,AVS66
67,Univerzita  Hradec Králové,18440,Pedagogická fakulta,Učitelství pro základní školy,M7503,Učitelství pro 2. stupeň ZŠ - biologie,7503T064,3,3,Královehradecký kraj,CZ052,Hradec Králové ,CZ0521,Hradec Králové,5205,Hradec Králové ,569810,náměstí Svobody ,301,č.p.,,50002,https://www.uhk.cz/cs/pedagogicka-fakulta/pdf,POINT(50.2095147  15.8267314),15.8267314,50.2095147,AVS67
68,Univerzita  Hradec Králové,18440,Pedagogická fakulta,Učitelství pro základní školy,N7503,Učitelství pro 2. stupeň ZŠ - biologie,7503T064,1,1,Královehradecký kraj,CZ052,Hradec Králové ,CZ0521,Hradec Králové,5205,Hradec Králové ,569810,náměstí Svobody ,301,č.p.,,50002,https://www.uhk.cz/cs/pedagogicka-fakulta/pdf,POINT(50.2095147  15.8267314),15.8267314,50.2095147,AVS68
69,Univerzita  Hradec Králové,18440,Pedagogická fakulta,Učitelství pro základní školy,M7503,Učitelství pro 2. stupeň ZŠ - český jazyk,7503T065,7,7,Královehradecký kraj,CZ052,Hradec Králové ,CZ0521,Hradec Králové,5205,Hradec Králové ,569810,náměstí Svobody ,301,č.p.,,50002,https://www.uhk.cz/cs/pedagogicka-fakulta/pdf,POINT(50.2095147  15.8267314),15.8267314,50.2095147,AVS69
70,Univerzita  Hradec Králové,18440,Pedagogická fakulta,Učitelství pro základní školy,M7503,Učitelství pro 2. stupeň ZŠ - dějepis,7503T066,4,4,Královehradecký kraj,CZ052,Hradec Králové ,CZ0521,Hradec Králové,5205,Hradec Králové ,569810,náměstí Svobody ,301,č.p.,,50002,https://www.uhk.cz/cs/pedagogicka-fakulta/pdf,POINT(50.2095147  15.8267314),15.8267314,50.2095147,AVS70
71,Univerzita  Hradec Králové,18440,Pedagogická fakulta,Učitelství pro základní školy,M7503,Učitelství pro 2. stupeň ZŠ - francouzský jazyk,7503T067,3,3,Královehradecký kraj,CZ052,Hradec Králové ,CZ0521,Hradec Králové,5205,Hradec Králové ,569810,náměstí Svobody ,301,č.p.,,50002,https://www.uhk.cz/cs/pedagogicka-fakulta/pdf,POINT(50.2095147  15.8267314),15.8267314,50.2095147,AVS71
72,Univerzita  Hradec Králové,18440,Pedagogická fakulta,Učitelství pro základní školy,M7503,Učitelství pro 2. stupeň ZŠ - fyzika,7503T068,1,1,Královehradecký kraj,CZ052,Hradec Králové ,CZ0521,Hradec Králové,5205,Hradec Králové ,569810,náměstí Svobody ,301,č.p.,,50002,https://www.uhk.cz/cs/pedagogicka-fakulta/pdf,POINT(50.2095147  15.8267314),15.8267314,50.2095147,AVS72
73,Univerzita  Hradec Králové,18440,Pedagogická fakulta,Učitelství pro základní školy,M7503,Učitelství pro 2. stupeň ZŠ - hudební výchova,7503T069,2,2,Královehradecký kraj,CZ052,Hradec Králové ,CZ0521,Hradec Králové,5205,Hradec Králové ,569810,náměstí Svobody ,301,č.p.,,50002,https://www.uhk.cz/cs/pedagogicka-fakulta/pdf,POINT(50.2095147  15.8267314),15.8267314,50.2095147,AVS73
74,Univerzita  Hradec Králové,18440,Pedagogická fakulta,Učitelství pro základní školy,N7503,Učitelství pro 2. stupeň ZŠ - hudební výchova,7503T069,1,1,Královehradecký kraj,CZ052,Hradec Králové ,CZ0521,Hradec Králové,5205,Hradec Králové ,569810,náměstí Svobody ,301,č.p.,,50002,https://www.uhk.cz/cs/pedagogicka-fakulta/pdf,POINT(50.2095147  15.8267314),15.8267314,50.2095147,AVS74
75,Univerzita  Hradec Králové,18440,Pedagogická fakulta,Učitelství pro základní školy,M7503,Učitelství pro 2. stupeň ZŠ - informatika,7503T071,1,1,Královehradecký kraj,CZ052,Hradec Králové ,CZ0521,Hradec Králové,5205,Hradec Králové ,569810,náměstí Svobody ,301,č.p.,,50002,https://www.uhk.cz/cs/pedagogicka-fakulta/pdf,POINT(50.2095147  15.8267314),15.8267314,50.2095147,AVS75
76,Univerzita  Hradec Králové,18440,Pedagogická fakulta,Učitelství pro základní školy,N7503,Učitelství pro 2. stupeň ZŠ - matematika,7503T072,1,1,Královehradecký kraj,CZ052,Hradec Králové ,CZ0521,Hradec Králové,5205,Hradec Králové ,569810,náměstí Svobody ,301,č.p.,,50002,https://www.uhk.cz/cs/pedagogicka-fakulta/pdf,POINT(50.2095147  15.8267314),15.8267314,50.2095147,AVS76
77,Univerzita  Hradec Králové,18440,Pedagogická fakulta,Učitelství pro základní školy,M7503,Učitelství pro 2. stupeň ZŠ - německý jazyk,7503T073,1,1,Královehradecký kraj,CZ052,Hradec Králové ,CZ0521,Hradec Králové,5205,Hradec Králové ,569810,náměstí Svobody ,301,č.p.,,50002,https://www.uhk.cz/cs/pedagogicka-fakulta/pdf,POINT(50.2095147  15.8267314),15.8267314,50.2095147,AVS77
78,Univerzita  Hradec Králové,18440,Pedagogická fakulta,Učitelství pro základní školy,N7503,Učitelství pro 2. stupeň ZŠ - občanská nauka,7503T074,2,2,Královehradecký kraj,CZ052,Hradec Králové ,CZ0521,Hradec Králové,5205,Hradec Králové ,569810,náměstí Svobody ,301,č.p.,,50002,https://www.uhk.cz/cs/pedagogicka-fakulta/pdf,POINT(50.2095147  15.8267314),15.8267314,50.2095147,AVS78
79,Univerzita  Hradec Králové,18440,Pedagogická fakulta,Učitelství pro základní školy,M7503,Učitelství pro 2. stupeň ZŠ - ruský jazyk,7503T075,1,1,Královehradecký kraj,CZ052,Hradec Králové ,CZ0521,Hradec Králové,5205,Hradec Králové ,569810,náměstí Svobody ,301,č.p.,,50002,https://www.uhk.cz/cs/pedagogicka-fakulta/pdf,POINT(50.2095147  15.8267314),15.8267314,50.2095147,AVS79
80,Univerzita  Hradec Králové,18440,Pedagogická fakulta,Učitelství pro ZUŠ – hra na nástroj a sólový zpěv,N0114A300050,,,1,1,Královehradecký kraj,CZ052,Hradec Králové ,CZ0521,Hradec Králové,5205,Hradec Králové ,569810,náměstí Svobody ,301,č.p.,,50002,https://www.uhk.cz/cs/pedagogicka-fakulta/pdf,POINT(50.2095147  15.8267314),15.8267314,50.2095147,AVS80
81,Univerzita  Hradec Králové,18440,Pedagogická fakulta,Vychovatelství,B7505,,,1,1,Královehradecký kraj,CZ052,Hradec Králové ,CZ0521,Hradec Králové,5205,Hradec Králové ,569810,náměstí Svobody ,301,č.p.,,50002,https://www.uhk.cz/cs/pedagogicka-fakulta/pdf,POINT(50.2095147  15.8267314),15.8267314,50.2095147,AVS81
82,Univerzita  Hradec Králové,18440,Pedagogická fakulta,Vychovatelství,B7505,Pedagogika volného času se zaměřením na tělesnou výchovu a sport,7505R019,1,1,Královehradecký kraj,CZ052,Hradec Králové ,CZ0521,Hradec Králové,5205,Hradec Králové ,569810,náměstí Svobody ,301,č.p.,,50002,https://www.uhk.cz/cs/pedagogicka-fakulta/pdf,POINT(50.2095147  15.8267314),15.8267314,50.2095147,AVS82
83,Univerzita  Hradec Králové,18440,Pedagogická fakulta,Výtvarná tvorba se zaměřením na vzdělávání,B0114A300057,,,1,1,Královehradecký kraj,CZ052,Hradec Králové ,CZ0521,Hradec Králové,5205,Hradec Králové ,569810,náměstí Svobody ,301,č.p.,,50002,https://www.uhk.cz/cs/pedagogicka-fakulta/pdf,POINT(50.2095147  15.8267314),15.8267314,50.2095147,AVS83
84,Univerzita  Hradec Králové,18440,Pedagogická fakulta,Základy techniky se zaměřením na vzdělávání,B0114A300056,,,2,2,Královehradecký kraj,CZ052,Hradec Králové ,CZ0521,Hradec Králové,5205,Hradec Králové ,569810,náměstí Svobody ,301,č.p.,,50002,https://www.uhk.cz/cs/pedagogicka-fakulta/pdf,POINT(50.2095147  15.8267314),15.8267314,50.2095147,AVS84
85,Univerzita  Hradec Králové,18450,Fakulta informatiky a managementu,Aplikovaná informatika,B1802,,,61,61,Královehradecký kraj,CZ052,Hradec Králové ,CZ0521,Hradec Králové,5205,Hradec Králové ,569810,Hradecká ,1249,č.p.,6,50003,https://www.uhk.cz/cs/fakulta-informatiky-a-managementu/fim,POINT(50.2043000  15.8294000),15.8294,50.2043,AVS85
86,Univerzita  Hradec Králové,18450,Fakulta informatiky a managementu,Aplikovaná informatika,N1802,,,33,33,Královehradecký kraj,CZ052,Hradec Králové ,CZ0521,Hradec Králové,5205,Hradec Králové ,569810,Hradecká ,1249,č.p.,6,50003,https://www.uhk.cz/cs/fakulta-informatiky-a-managementu/fim,POINT(50.2043000  15.8294000),15.8294,50.2043,AVS86
87,Univerzita  Hradec Králové,18450,Fakulta informatiky a managementu,Aplikovaná informatika,P1802,,,1,1,Královehradecký kraj,CZ052,Hradec Králové ,CZ0521,Hradec Králové,5205,Hradec Králové ,569810,Hradecká ,1249,č.p.,6,50003,https://www.uhk.cz/cs/fakulta-informatiky-a-managementu/fim,POINT(50.2043000  15.8294000),15.8294,50.2043,AVS87
88,Univerzita  Hradec Králové,18450,Fakulta informatiky a managementu,Aplikovaná informatika,B1802,Aplikovaná informatika,1802R001,61,61,Královehradecký kraj,CZ052,Hradec Králové ,CZ0521,Hradec Králové,5205,Hradec Králové ,569810,Hradecká ,1249,č.p.,6,50003,https://www.uhk.cz/cs/fakulta-informatiky-a-managementu/fim,POINT(50.2043000  15.8294000),15.8294,50.2043,AVS88
89,Univerzita  Hradec Králové,18450,Fakulta informatiky a managementu,Aplikovaná informatika,N1802,Aplikovaná informatika,1802T001,33,33,Královehradecký kraj,CZ052,Hradec Králové ,CZ0521,Hradec Králové,5205,Hradec Králové ,569810,Hradecká ,1249,č.p.,6,50003,https://www.uhk.cz/cs/fakulta-informatiky-a-managementu/fim,POINT(50.2043000  15.8294000),15.8294,50.2043,AVS89
90,Univerzita  Hradec Králové,18450,Fakulta informatiky a managementu,Aplikovaná informatika,P1802,Aplikovaná informatika,1802V001,1,1,Královehradecký kraj,CZ052,Hradec Králové ,CZ0521,Hradec Králové,5205,Hradec Králové ,569810,Hradecká ,1249,č.p.,6,50003,https://www.uhk.cz/cs/fakulta-informatiky-a-managementu/fim,POINT(50.2043000  15.8294000),15.8294,50.2043,AVS90
91,Univerzita  Hradec Králové,18450,Fakulta informatiky a managementu,Ekonomika a management,B0413A050021,,,1,1,Královehradecký kraj,CZ052,Hradec Králové ,CZ0521,Hradec Králové,5205,Hradec Králové ,569810,Hradecká ,1249,č.p.,6,50003,https://www.uhk.cz/cs/fakulta-informatiky-a-managementu/fim,POINT(50.2043000  15.8294000),15.8294,50.2043,AVS91
92,Univerzita  Hradec Králové,18450,Fakulta informatiky a managementu,Ekonomika a management,B6208,,,77,77,Královehradecký kraj,CZ052,Hradec Králové ,CZ0521,Hradec Králové,5205,Hradec Králové ,569810,Hradecká ,1249,č.p.,6,50003,https://www.uhk.cz/cs/fakulta-informatiky-a-managementu/fim,POINT(50.2043000  15.8294000),15.8294,50.2043,AVS92
93,Univerzita  Hradec Králové,18450,Fakulta informatiky a managementu,Ekonomika a management,B6208,Finanční management,6208R113,37,37,Královehradecký kraj,CZ052,Hradec Králové ,CZ0521,Hradec Králové,5205,Hradec Králové ,569810,Hradecká ,1249,č.p.,6,50003,https://www.uhk.cz/cs/fakulta-informatiky-a-managementu/fim,POINT(50.2043000  15.8294000),15.8294,50.2043,AVS93
94,Univerzita  Hradec Králové,18450,Fakulta informatiky a managementu,Ekonomika a management,B6208,Management cestovního ruchu,6501R012,40,40,Královehradecký kraj,CZ052,Hradec Králové ,CZ0521,Hradec Králové,5205,Hradec Králové ,569810,Hradecká ,1249,č.p.,6,50003,https://www.uhk.cz/cs/fakulta-informatiky-a-managementu/fim,POINT(50.2043000  15.8294000),15.8294,50.2043,AVS94
95,Univerzita  Hradec Králové,18450,Fakulta informatiky a managementu,Informační management,B0688A140001,,,33,33,Královehradecký kraj,CZ052,Hradec Králové ,CZ0521,Hradec Králové,5205,Hradec Králové ,569810,Hradecká ,1249,č.p.,6,50003,https://www.uhk.cz/cs/fakulta-informatiky-a-managementu/fim,POINT(50.2043000  15.8294000),15.8294,50.2043,AVS95
96,Univerzita  Hradec Králové,18450,Fakulta informatiky a managementu,Informační management,N0688A140001,,,59,59,Královehradecký kraj,CZ052,Hradec Králové ,CZ0521,Hradec Králové,5205,Hradec Králové ,569810,Hradecká ,1249,č.p.,6,50003,https://www.uhk.cz/cs/fakulta-informatiky-a-managementu/fim,POINT(50.2043000  15.8294000),15.8294,50.2043,AVS96
97,Univerzita  Hradec Králové,18450,Fakulta informatiky a managementu,Information Management,B0688A140002,,,2,2,Královehradecký kraj,CZ052,Hradec Králové ,CZ0521,Hradec Králové,5205,Hradec Králové ,569810,Hradecká ,1249,č.p.,6,50003,https://www.uhk.cz/cs/fakulta-informatiky-a-managementu/fim,POINT(50.2043000  15.8294000),15.8294,50.2043,AVS97
98,Univerzita  Hradec Králové,18450,Fakulta informatiky a managementu,Systémové inženýrství a informatika,B6209,,,18,18,Královehradecký kraj,CZ052,Hradec Králové ,CZ0521,Hradec Králové,5205,Hradec Králové ,569810,Hradecká ,1249,č.p.,6,50003,https://www.uhk.cz/cs/fakulta-informatiky-a-managementu/fim,POINT(50.2043000  15.8294000),15.8294,50.2043,AVS98
99,Univerzita  Hradec Králové,18450,Fakulta informatiky a managementu,Systémové inženýrství a informatika,N6209,,,5,5,Královehradecký kraj,CZ052,Hradec Králové ,CZ0521,Hradec Králové,5205,Hradec Králové ,569810,Hradecká ,1249,č.p.,6,50003,https://www.uhk.cz/cs/fakulta-informatiky-a-managementu/fim,POINT(50.2043000  15.8294000),15.8294,50.2043,AVS99
100,Univerzita  Hradec Králové,18450,Fakulta informatiky a managementu,Systémové inženýrství a informatika,P6209,,,5,5,Královehradecký kraj,CZ052,Hradec Králové ,CZ0521,Hradec Králové,5205,Hradec Králové ,569810,Hradecká ,1249,č.p.,6,50003,https://www.uhk.cz/cs/fakulta-informatiky-a-managementu/fim,POINT(50.2043000  15.8294000),15.8294,50.2043,AVS100
101,Univerzita  Hradec Králové,18450,Fakulta informatiky a managementu,Systémové inženýrství a informatika,P6209,Informační a znalostní management,6209V014,5,5,Královehradecký kraj,CZ052,Hradec Králové ,CZ0521,Hradec Králové,5205,Hradec Králové ,569810,Hradecká ,1249,č.p.,6,50003,https://www.uhk.cz/cs/fakulta-informatiky-a-managementu/fim,POINT(50.2043000  15.8294000),15.8294,50.2043,AVS101
102,Univerzita  Hradec Králové,18450,Fakulta informatiky a managementu,Systémové inženýrství a informatika,B6209,Informační management,6209R015,18,18,Královehradecký kraj,CZ052,Hradec Králové ,CZ0521,Hradec Králové,5205,Hradec Králové ,569810,Hradecká ,1249,č.p.,6,50003,https://www.uhk.cz/cs/fakulta-informatiky-a-managementu/fim,POINT(50.2043000  15.8294000),15.8294,50.2043,AVS102
103,Univerzita  Hradec Králové,18450,Fakulta informatiky a managementu,Systémové inženýrství a informatika,N6209,Informační management,6209T015,5,5,Královehradecký kraj,CZ052,Hradec Králové ,CZ0521,Hradec Králové,5205,Hradec Králové ,569810,Hradecká ,1249,č.p.,6,50003,https://www.uhk.cz/cs/fakulta-informatiky-a-managementu/fim,POINT(50.2043000  15.8294000),15.8294,50.2043,AVS103
104,Univerzita  Hradec Králové,18460,Filozofická fakulta,Archeologie,B0222A120009,,,2,2,Královehradecký kraj,CZ052,Hradec Králové ,CZ0521,Hradec Králové,5205,Hradec Králové ,569810,náměstí Svobody ,331,č.p.,2,50002,https://www.uhk.cz/cs/filozoficka-fakulta/ff,POINT(50.2099128  15.8265475),15.8265475,50.2099128,AVS104
105,Univerzita  Hradec Králové,18460,Filozofická fakulta,Archeologie,B7109,,,3,3,Královehradecký kraj,CZ052,Hradec Králové ,CZ0521,Hradec Králové,5205,Hradec Králové ,569810,náměstí Svobody ,331,č.p.,2,50002,https://www.uhk.cz/cs/filozoficka-fakulta/ff,POINT(50.2099128  15.8265475),15.8265475,50.2099128,AVS105
106,Univerzita  Hradec Králové,18460,Filozofická fakulta,Archeologie,N7109,,,3,3,Královehradecký kraj,CZ052,Hradec Králové ,CZ0521,Hradec Králové,5205,Hradec Králové ,569810,náměstí Svobody ,331,č.p.,2,50002,https://www.uhk.cz/cs/filozoficka-fakulta/ff,POINT(50.2099128  15.8265475),15.8265475,50.2099128,AVS106
107,Univerzita  Hradec Králové,18460,Filozofická fakulta,Archeologie,P7109,,,1,1,Královehradecký kraj,CZ052,Hradec Králové ,CZ0521,Hradec Králové,5205,Hradec Králové ,569810,náměstí Svobody ,331,č.p.,2,50002,https://www.uhk.cz/cs/filozoficka-fakulta/ff,POINT(50.2099128  15.8265475),15.8265475,50.2099128,AVS107
108,Univerzita  Hradec Králové,18460,Filozofická fakulta,Archeologie,B7109,Archeologie,7105R001,3,3,Královehradecký kraj,CZ052,Hradec Králové ,CZ0521,Hradec Králové,5205,Hradec Králové ,569810,náměstí Svobody ,331,č.p.,2,50002,https://www.uhk.cz/cs/filozoficka-fakulta/ff,POINT(50.2099128  15.8265475),15.8265475,50.2099128,AVS108
109,Univerzita  Hradec Králové,18460,Filozofická fakulta,Archeologie,N7109,Archeologie,7105T001,3,3,Královehradecký kraj,CZ052,Hradec Králové ,CZ0521,Hradec Králové,5205,Hradec Králové ,569810,náměstí Svobody ,331,č.p.,2,50002,https://www.uhk.cz/cs/filozoficka-fakulta/ff,POINT(50.2099128  15.8265475),15.8265475,50.2099128,AVS109
110,Univerzita  Hradec Králové,18460,Filozofická fakulta,Archeologie,P7109,Archeologie,7105V001,1,1,Královehradecký kraj,CZ052,Hradec Králové ,CZ0521,Hradec Králové,5205,Hradec Králové ,569810,náměstí Svobody ,331,č.p.,2,50002,https://www.uhk.cz/cs/filozoficka-fakulta/ff,POINT(50.2099128  15.8265475),15.8265475,50.2099128,AVS110
111,Univerzita  Hradec Králové,18460,Filozofická fakulta,Filozofie,B6101,,,7,7,Královehradecký kraj,CZ052,Hradec Králové ,CZ0521,Hradec Králové,5205,Hradec Králové ,569810,náměstí Svobody ,331,č.p.,2,50002,https://www.uhk.cz/cs/filozoficka-fakulta/ff,POINT(50.2099128  15.8265475),15.8265475,50.2099128,AVS111
112,Univerzita  Hradec Králové,18460,Filozofická fakulta,Filozofie,N0223A100001,,,1,1,Královehradecký kraj,CZ052,Hradec Králové ,CZ0521,Hradec Králové,5205,Hradec Králové ,569810,náměstí Svobody ,331,č.p.,2,50002,https://www.uhk.cz/cs/filozoficka-fakulta/ff,POINT(50.2099128  15.8265475),15.8265475,50.2099128,AVS112
113,Univerzita  Hradec Králové,18460,Filozofická fakulta,Filozofie,N6101,,,1,1,Královehradecký kraj,CZ052,Hradec Králové ,CZ0521,Hradec Králové,5205,Hradec Králové ,569810,náměstí Svobody ,331,č.p.,2,50002,https://www.uhk.cz/cs/filozoficka-fakulta/ff,POINT(50.2099128  15.8265475),15.8265475,50.2099128,AVS113
114,Univerzita  Hradec Králové,18460,Filozofická fakulta,Filozofie,P6101,,,1,1,Královehradecký kraj,CZ052,Hradec Králové ,CZ0521,Hradec Králové,5205,Hradec Králové ,569810,náměstí Svobody ,331,č.p.,2,50002,https://www.uhk.cz/cs/filozoficka-fakulta/ff,POINT(50.2099128  15.8265475),15.8265475,50.2099128,AVS114
115,Univerzita  Hradec Králové,18460,Filozofická fakulta,Filozofie,P6101,,xxxxxxxx,1,1,Královehradecký kraj,CZ052,Hradec Králové ,CZ0521,Hradec Králové,5205,Hradec Králové ,569810,náměstí Svobody ,331,č.p.,2,50002,https://www.uhk.cz/cs/filozoficka-fakulta/ff,POINT(50.2099128  15.8265475),15.8265475,50.2099128,AVS115
116,Univerzita  Hradec Králové,18460,Filozofická fakulta,Filozofie,N6101,Filozofie,6101T004,1,1,Královehradecký kraj,CZ052,Hradec Králové ,CZ0521,Hradec Králové,5205,Hradec Králové ,569810,náměstí Svobody ,331,č.p.,2,50002,https://www.uhk.cz/cs/filozoficka-fakulta/ff,POINT(50.2099128  15.8265475),15.8265475,50.2099128,AVS116
117,Univerzita  Hradec Králové,18460,Filozofická fakulta,Filozofie,B6101,Filozofie a společenské vědy,6101R029,7,7,Královehradecký kraj,CZ052,Hradec Králové ,CZ0521,Hradec Králové,5205,Hradec Králové ,569810,náměstí Svobody ,331,č.p.,2,50002,https://www.uhk.cz/cs/filozoficka-fakulta/ff,POINT(50.2099128  15.8265475),15.8265475,50.2099128,AVS117
118,Univerzita  Hradec Králové,18460,Filozofická fakulta,Historické vědy,B0222A120001,,,10,10,Královehradecký kraj,CZ052,Hradec Králové ,CZ0521,Hradec Králové,5205,Hradec Králové ,569810,náměstí Svobody ,331,č.p.,2,50002,https://www.uhk.cz/cs/filozoficka-fakulta/ff,POINT(50.2099128  15.8265475),15.8265475,50.2099128,AVS118
119,Univerzita  Hradec Králové,18460,Filozofická fakulta,Historické vědy,B7105,,,14,14,Královehradecký kraj,CZ052,Hradec Králové ,CZ0521,Hradec Králové,5205,Hradec Králové ,569810,náměstí Svobody ,331,č.p.,2,50002,https://www.uhk.cz/cs/filozoficka-fakulta/ff,POINT(50.2099128  15.8265475),15.8265475,50.2099128,AVS119
120,Univerzita  Hradec Králové,18460,Filozofická fakulta,Historické vědy,N7105,,,12,12,Královehradecký kraj,CZ052,Hradec Králové ,CZ0521,Hradec Králové,5205,Hradec Králové ,569810,náměstí Svobody ,331,č.p.,2,50002,https://www.uhk.cz/cs/filozoficka-fakulta/ff,POINT(50.2099128  15.8265475),15.8265475,50.2099128,AVS120
121,Univerzita  Hradec Králové,18460,Filozofická fakulta,Historické vědy,P7105,,,6,6,Královehradecký kraj,CZ052,Hradec Králové ,CZ0521,Hradec Králové,5205,Hradec Králové ,569810,náměstí Svobody ,331,č.p.,2,50002,https://www.uhk.cz/cs/filozoficka-fakulta/ff,POINT(50.2099128  15.8265475),15.8265475,50.2099128,AVS121
122,Univerzita  Hradec Králové,18460,Filozofická fakulta,Historické vědy,N7105,Archivnictví,7105T005,9,9,Královehradecký kraj,CZ052,Hradec Králové ,CZ0521,Hradec Králové,5205,Hradec Králové ,569810,náměstí Svobody ,331,č.p.,2,50002,https://www.uhk.cz/cs/filozoficka-fakulta/ff,POINT(50.2099128  15.8265475),15.8265475,50.2099128,AVS122
123,Univerzita  Hradec Králové,18460,Filozofická fakulta,Historické vědy,P7105,Archivnictví,7105V005,2,2,Královehradecký kraj,CZ052,Hradec Králové ,CZ0521,Hradec Králové,5205,Hradec Králové ,569810,náměstí Svobody ,331,č.p.,2,50002,https://www.uhk.cz/cs/filozoficka-fakulta/ff,POINT(50.2099128  15.8265475),15.8265475,50.2099128,AVS123
124,Univerzita  Hradec Králové,18460,Filozofická fakulta,Historické vědy,B7105,Archivnictví - historie,7105R052,5,5,Královehradecký kraj,CZ052,Hradec Králové ,CZ0521,Hradec Králové,5205,Hradec Králové ,569810,náměstí Svobody ,331,č.p.,2,50002,https://www.uhk.cz/cs/filozoficka-fakulta/ff,POINT(50.2099128  15.8265475),15.8265475,50.2099128,AVS124
125,Univerzita  Hradec Králové,18460,Filozofická fakulta,Historické vědy,P7105,České a československé dějiny,7105V010,3,3,Královehradecký kraj,CZ052,Hradec Králové ,CZ0521,Hradec Králové,5205,Hradec Králové ,569810,náměstí Svobody ,331,č.p.,2,50002,https://www.uhk.cz/cs/filozoficka-fakulta/ff,POINT(50.2099128  15.8265475),15.8265475,50.2099128,AVS125
126,Univerzita  Hradec Králové,18460,Filozofická fakulta,Historické vědy,N7105,Historie,7105T021,3,3,Královehradecký kraj,CZ052,Hradec Králové ,CZ0521,Hradec Králové,5205,Hradec Králové ,569810,náměstí Svobody ,331,č.p.,2,50002,https://www.uhk.cz/cs/filozoficka-fakulta/ff,POINT(50.2099128  15.8265475),15.8265475,50.2099128,AVS126
127,Univerzita  Hradec Králové,18460,Filozofická fakulta,Historické vědy,P7105,Historie,7105V021,1,1,Královehradecký kraj,CZ052,Hradec Králové ,CZ0521,Hradec Králové,5205,Hradec Králové ,569810,náměstí Svobody ,331,č.p.,2,50002,https://www.uhk.cz/cs/filozoficka-fakulta/ff,POINT(50.2099128  15.8265475),15.8265475,50.2099128,AVS127
128,Univerzita  Hradec Králové,18460,Filozofická fakulta,Historické vědy,B7105,Prezentace a ochrana kulturního dědictví,7105R071,9,9,Královehradecký kraj,CZ052,Hradec Králové ,CZ0521,Hradec Králové,5205,Hradec Králové ,569810,náměstí Svobody ,331,č.p.,2,50002,https://www.uhk.cz/cs/filozoficka-fakulta/ff,POINT(50.2099128  15.8265475),15.8265475,50.2099128,AVS128
129,Univerzita  Hradec Králové,18460,Filozofická fakulta,Historie,N0222A120001,,,5,5,Královehradecký kraj,CZ052,Hradec Králové ,CZ0521,Hradec Králové,5205,Hradec Králové ,569810,náměstí Svobody ,331,č.p.,2,50002,https://www.uhk.cz/cs/filozoficka-fakulta/ff,POINT(50.2099128  15.8265475),15.8265475,50.2099128,AVS129
130,Univerzita  Hradec Králové,18460,Filozofická fakulta,Politologie,B6701,,,23,23,Královehradecký kraj,CZ052,Hradec Králové ,CZ0521,Hradec Králové,5205,Hradec Králové ,569810,náměstí Svobody ,331,č.p.,2,50002,https://www.uhk.cz/cs/filozoficka-fakulta/ff,POINT(50.2099128  15.8265475),15.8265475,50.2099128,AVS130
131,Univerzita  Hradec Králové,18460,Filozofická fakulta,Politologie,N6701,,,8,8,Královehradecký kraj,CZ052,Hradec Králové ,CZ0521,Hradec Králové,5205,Hradec Králové ,569810,náměstí Svobody ,331,č.p.,2,50002,https://www.uhk.cz/cs/filozoficka-fakulta/ff,POINT(50.2099128  15.8265475),15.8265475,50.2099128,AVS131
132,Univerzita  Hradec Králové,18460,Filozofická fakulta,Politologie,P6701,,,1,1,Královehradecký kraj,CZ052,Hradec Králové ,CZ0521,Hradec Králové,5205,Hradec Králové ,569810,náměstí Svobody ,331,č.p.,2,50002,https://www.uhk.cz/cs/filozoficka-fakulta/ff,POINT(50.2099128  15.8265475),15.8265475,50.2099128,AVS132
133,Univerzita  Hradec Králové,18460,Filozofická fakulta,Politologie,P6701,Latinskoamerická studia,6701V027,1,1,Královehradecký kraj,CZ052,Hradec Králové ,CZ0521,Hradec Králové,5205,Hradec Králové ,569810,náměstí Svobody ,331,č.p.,2,50002,https://www.uhk.cz/cs/filozoficka-fakulta/ff,POINT(50.2099128  15.8265475),15.8265475,50.2099128,AVS133
134,Univerzita  Hradec Králové,18460,Filozofická fakulta,Politologie,N6701,Politologie - africká studia,6701T021,4,4,Královehradecký kraj,CZ052,Hradec Králové ,CZ0521,Hradec Králové,5205,Hradec Králové ,569810,náměstí Svobody ,331,č.p.,2,50002,https://www.uhk.cz/cs/filozoficka-fakulta/ff,POINT(50.2099128  15.8265475),15.8265475,50.2099128,AVS134
135,Univerzita  Hradec Králové,18460,Filozofická fakulta,Politologie,N6701,Politologie - latinskoamerická studia,6701T022,4,4,Královehradecký kraj,CZ052,Hradec Králové ,CZ0521,Hradec Králové,5205,Hradec Králové ,569810,náměstí Svobody ,331,č.p.,2,50002,https://www.uhk.cz/cs/filozoficka-fakulta/ff,POINT(50.2099128  15.8265475),15.8265475,50.2099128,AVS135
136,Univerzita  Hradec Králové,18460,Filozofická fakulta,Politologie,B6701,Politologie /Political Science/,6701R008,23,23,Královehradecký kraj,CZ052,Hradec Králové ,CZ0521,Hradec Králové,5205,Hradec Králové ,569810,náměstí Svobody ,331,č.p.,2,50002,https://www.uhk.cz/cs/filozoficka-fakulta/ff,POINT(50.2099128  15.8265475),15.8265475,50.2099128,AVS136
137,Univerzita  Hradec Králové,18460,Filozofická fakulta,Pomocné vědy historické a archivnictví,N0222A120031,,,2,2,Královehradecký kraj,CZ052,Hradec Králové ,CZ0521,Hradec Králové,5205,Hradec Králové ,569810,náměstí Svobody ,331,č.p.,2,50002,https://www.uhk.cz/cs/filozoficka-fakulta/ff,POINT(50.2099128  15.8265475),15.8265475,50.2099128,AVS137
138,Univerzita  Hradec Králové,18460,Filozofická fakulta,Sociální práce,B0923P240001,,,44,44,Královehradecký kraj,CZ052,Hradec Králové ,CZ0521,Hradec Králové,5205,Hradec Králové ,569810,náměstí Svobody ,331,č.p.,2,50002,https://www.uhk.cz/cs/filozoficka-fakulta/ff,POINT(50.2099128  15.8265475),15.8265475,50.2099128,AVS138
139,Univerzita  Hradec Králové,18460,Filozofická fakulta,Sociologie,B0314A250008,,,9,9,Královehradecký kraj,CZ052,Hradec Králové ,CZ0521,Hradec Králové,5205,Hradec Králové ,569810,náměstí Svobody ,331,č.p.,2,50002,https://www.uhk.cz/cs/filozoficka-fakulta/ff,POINT(50.2099128  15.8265475),15.8265475,50.2099128,AVS139
140,Univerzita  Hradec Králové,18460,Filozofická fakulta,Sociologie,B6703,,,6,6,Královehradecký kraj,CZ052,Hradec Králové ,CZ0521,Hradec Králové,5205,Hradec Králové ,569810,náměstí Svobody ,331,č.p.,2,50002,https://www.uhk.cz/cs/filozoficka-fakulta/ff,POINT(50.2099128  15.8265475),15.8265475,50.2099128,AVS140
141,Univerzita  Hradec Králové,18460,Filozofická fakulta,Sociologie,B6703,Sociologie obecná a empirická,6703R013,6,6,Královehradecký kraj,CZ052,Hradec Králové ,CZ0521,Hradec Králové,5205,Hradec Králové ,569810,náměstí Svobody ,331,č.p.,2,50002,https://www.uhk.cz/cs/filozoficka-fakulta/ff,POINT(50.2099128  15.8265475),15.8265475,50.2099128,AVS141
142,Univerzita  Hradec Králové,18460,Filozofická fakulta,Technická podpora humanitních věd,B3928,,,3,3,Královehradecký kraj,CZ052,Hradec Králové ,CZ0521,Hradec Králové,5205,Hradec Králové ,569810,náměstí Svobody ,331,č.p.,2,50002,https://www.uhk.cz/cs/filozoficka-fakulta/ff,POINT(50.2099128  15.8265475),15.8265475,50.2099128,AVS142
143,Univerzita  Hradec Králové,18460,Filozofická fakulta,Technická podpora humanitních věd,B3928,Počítačová podpora v archivnictví,2612R066,3,3,Královehradecký kraj,CZ052,Hradec Králové ,CZ0521,Hradec Králové,5205,Hradec Králové ,569810,náměstí Svobody ,331,č.p.,2,50002,https://www.uhk.cz/cs/filozoficka-fakulta/ff,POINT(50.2099128  15.8265475),15.8265475,50.2099128,AVS143
144,Univerzita  Hradec Králové,18470,Přírodovědecká fakulta,Aplikovaná matematika,B1103,,,3,3,Královehradecký kraj,CZ052,Hradec Králové ,CZ0521,Hradec Králové,5205,Hradec Králové ,569810,Hradecká ,1285,č.p.,,50003,https://www.uhk.cz/cs/prirodovedecka-fakulta/prf,POINT(50.2037950  15.8287967),15.8287967,50.203795,AVS144
145,Univerzita  Hradec Králové,18470,Přírodovědecká fakulta,Aplikovaná matematika,B1103,Finanční a pojistná matematika,1103R008,3,3,Královehradecký kraj,CZ052,Hradec Králové ,CZ0521,Hradec Králové,5205,Hradec Králové ,569810,Hradecká ,1285,č.p.,,50003,https://www.uhk.cz/cs/prirodovedecka-fakulta/prf,POINT(50.2037950  15.8287967),15.8287967,50.203795,AVS145
146,Univerzita  Hradec Králové,18470,Přírodovědecká fakulta,Biologie,B1501,,,20,20,Královehradecký kraj,CZ052,Hradec Králové ,CZ0521,Hradec Králové,5205,Hradec Králové ,569810,Hradecká ,1285,č.p.,,50003,https://www.uhk.cz/cs/prirodovedecka-fakulta/prf,POINT(50.2037950  15.8287967),15.8287967,50.203795,AVS146
147,Univerzita  Hradec Králové,18470,Přírodovědecká fakulta,Biologie,N1501,,,3,3,Královehradecký kraj,CZ052,Hradec Králové ,CZ0521,Hradec Králové,5205,Hradec Králové ,569810,Hradecká ,1285,č.p.,,50003,https://www.uhk.cz/cs/prirodovedecka-fakulta/prf,POINT(50.2037950  15.8287967),15.8287967,50.203795,AVS147
148,Univerzita  Hradec Králové,18470,Přírodovědecká fakulta,Biologie,P1501,,,2,2,Královehradecký kraj,CZ052,Hradec Králové ,CZ0521,Hradec Králové,5205,Hradec Králové ,569810,Hradecká ,1285,č.p.,,50003,https://www.uhk.cz/cs/prirodovedecka-fakulta/prf,POINT(50.2037950  15.8287967),15.8287967,50.203795,AVS148
149,Univerzita  Hradec Králové,18470,Přírodovědecká fakulta,Biologie,P1501,Aplikovaná biologie a ekologie,1501V028,2,2,Královehradecký kraj,CZ052,Hradec Králové ,CZ0521,Hradec Králové,5205,Hradec Králové ,569810,Hradecká ,1285,č.p.,,50003,https://www.uhk.cz/cs/prirodovedecka-fakulta/prf,POINT(50.2037950  15.8287967),15.8287967,50.203795,AVS149
150,Univerzita  Hradec Králové,18470,Přírodovědecká fakulta,Biologie,B1501,Biologie se zaměřením na vzdělávání,7504R002,17,17,Královehradecký kraj,CZ052,Hradec Králové ,CZ0521,Hradec Králové,5205,Hradec Králové ,569810,Hradecká ,1285,č.p.,,50003,https://www.uhk.cz/cs/prirodovedecka-fakulta/prf,POINT(50.2037950  15.8287967),15.8287967,50.203795,AVS150
151,Univerzita  Hradec Králové,18470,Přírodovědecká fakulta,Biologie,B1501,Systematická biologie a ekologie,1501R015,3,3,Královehradecký kraj,CZ052,Hradec Králové ,CZ0521,Hradec Králové,5205,Hradec Králové ,569810,Hradecká ,1285,č.p.,,50003,https://www.uhk.cz/cs/prirodovedecka-fakulta/prf,POINT(50.2037950  15.8287967),15.8287967,50.203795,AVS151
152,Univerzita  Hradec Králové,18470,Přírodovědecká fakulta,Biologie,N1501,Systematická biologie a ekologie,1501T015,1,1,Královehradecký kraj,CZ052,Hradec Králové ,CZ0521,Hradec Králové,5205,Hradec Králové ,569810,Hradecká ,1285,č.p.,,50003,https://www.uhk.cz/cs/prirodovedecka-fakulta/prf,POINT(50.2037950  15.8287967),15.8287967,50.203795,AVS152
153,Univerzita  Hradec Králové,18470,Přírodovědecká fakulta,Biologie,N1501,Učitelství biologie pro střední školy,7504T029,2,2,Královehradecký kraj,CZ052,Hradec Králové ,CZ0521,Hradec Králové,5205,Hradec Králové ,569810,Hradecká ,1285,č.p.,,50003,https://www.uhk.cz/cs/prirodovedecka-fakulta/prf,POINT(50.2037950  15.8287967),15.8287967,50.203795,AVS153
154,Univerzita  Hradec Králové,18470,Přírodovědecká fakulta,Biologie a ekologie,B0511A030001,,,14,14,Královehradecký kraj,CZ052,Hradec Králové ,CZ0521,Hradec Králové,5205,Hradec Králové ,569810,Hradecká ,1285,č.p.,,50003,https://www.uhk.cz/cs/prirodovedecka-fakulta/prf,POINT(50.2037950  15.8287967),15.8287967,50.203795,AVS154
155,Univerzita  Hradec Králové,18470,Přírodovědecká fakulta,Biologie a ekologie,N0588A030001,,,10,10,Královehradecký kraj,CZ052,Hradec Králové ,CZ0521,Hradec Králové,5205,Hradec Králové ,569810,Hradecká ,1285,č.p.,,50003,https://www.uhk.cz/cs/prirodovedecka-fakulta/prf,POINT(50.2037950  15.8287967),15.8287967,50.203795,AVS155
156,Univerzita  Hradec Králové,18470,Přírodovědecká fakulta,Fyzika,B1701,,,6,6,Královehradecký kraj,CZ052,Hradec Králové ,CZ0521,Hradec Králové,5205,Hradec Králové ,569810,Hradecká ,1285,č.p.,,50003,https://www.uhk.cz/cs/prirodovedecka-fakulta/prf,POINT(50.2037950  15.8287967),15.8287967,50.203795,AVS156
157,Univerzita  Hradec Králové,18470,Přírodovědecká fakulta,Fyzika,N1701,,,2,2,Královehradecký kraj,CZ052,Hradec Králové ,CZ0521,Hradec Králové,5205,Hradec Králové ,569810,Hradecká ,1285,č.p.,,50003,https://www.uhk.cz/cs/prirodovedecka-fakulta/prf,POINT(50.2037950  15.8287967),15.8287967,50.203795,AVS157
158,Univerzita  Hradec Králové,18470,Přírodovědecká fakulta,Fyzika,B1701,Fyzika se zaměřením na vzdělávání,7504R006,6,6,Královehradecký kraj,CZ052,Hradec Králové ,CZ0521,Hradec Králové,5205,Hradec Králové ,569810,Hradecká ,1285,č.p.,,50003,https://www.uhk.cz/cs/prirodovedecka-fakulta/prf,POINT(50.2037950  15.8287967),15.8287967,50.203795,AVS158
159,Univerzita  Hradec Králové,18470,Přírodovědecká fakulta,Fyzika,N1701,Učitelství fyziky pro střední školy,7504T055,2,2,Královehradecký kraj,CZ052,Hradec Králové ,CZ0521,Hradec Králové,5205,Hradec Králové ,569810,Hradecká ,1285,č.p.,,50003,https://www.uhk.cz/cs/prirodovedecka-fakulta/prf,POINT(50.2037950  15.8287967),15.8287967,50.203795,AVS159
160,Univerzita  Hradec Králové,18470,Přírodovědecká fakulta,Fyzikálně-technická měření a výpočetní technika,B0533A110005,,,2,2,Královehradecký kraj,CZ052,Hradec Králové ,CZ0521,Hradec Králové,5205,Hradec Králové ,569810,Hradecká ,1285,č.p.,,50003,https://www.uhk.cz/cs/prirodovedecka-fakulta/prf,POINT(50.2037950  15.8287967),15.8287967,50.203795,AVS160
161,Univerzita  Hradec Králové,18470,Přírodovědecká fakulta,Chemie,B0531A130003,,,6,6,Královehradecký kraj,CZ052,Hradec Králové ,CZ0521,Hradec Králové,5205,Hradec Králové ,569810,Hradecká ,1285,č.p.,,50003,https://www.uhk.cz/cs/prirodovedecka-fakulta/prf,POINT(50.2037950  15.8287967),15.8287967,50.203795,AVS161
162,Univerzita  Hradec Králové,18470,Přírodovědecká fakulta,Chemie,B1407,,,14,14,Královehradecký kraj,CZ052,Hradec Králové ,CZ0521,Hradec Králové,5205,Hradec Králové ,569810,Hradecká ,1285,č.p.,,50003,https://www.uhk.cz/cs/prirodovedecka-fakulta/prf,POINT(50.2037950  15.8287967),15.8287967,50.203795,AVS162
163,Univerzita  Hradec Králové,18470,Přírodovědecká fakulta,Chemie,N0531A130003,,,12,12,Královehradecký kraj,CZ052,Hradec Králové ,CZ0521,Hradec Králové,5205,Hradec Králové ,569810,Hradecká ,1285,č.p.,,50003,https://www.uhk.cz/cs/prirodovedecka-fakulta/prf,POINT(50.2037950  15.8287967),15.8287967,50.203795,AVS163
164,Univerzita  Hradec Králové,18470,Přírodovědecká fakulta,Chemie,N1407,,,3,3,Královehradecký kraj,CZ052,Hradec Králové ,CZ0521,Hradec Králové,5205,Hradec Králové ,569810,Hradecká ,1285,č.p.,,50003,https://www.uhk.cz/cs/prirodovedecka-fakulta/prf,POINT(50.2037950  15.8287967),15.8287967,50.203795,AVS164
165,Univerzita  Hradec Králové,18470,Přírodovědecká fakulta,Chemie,P1407,,,1,1,Královehradecký kraj,CZ052,Hradec Králové ,CZ0521,Hradec Králové,5205,Hradec Králové ,569810,Hradecká ,1285,č.p.,,50003,https://www.uhk.cz/cs/prirodovedecka-fakulta/prf,POINT(50.2037950  15.8287967),15.8287967,50.203795,AVS165
166,Univerzita  Hradec Králové,18470,Přírodovědecká fakulta,Chemie,N1407,Bioorganická chemie,1407T017,1,1,Královehradecký kraj,CZ052,Hradec Králové ,CZ0521,Hradec Králové,5205,Hradec Králové ,569810,Hradecká ,1285,č.p.,,50003,https://www.uhk.cz/cs/prirodovedecka-fakulta/prf,POINT(50.2037950  15.8287967),15.8287967,50.203795,AVS166
167,Univerzita  Hradec Králové,18470,Přírodovědecká fakulta,Chemie,P1407,Didaktika chemie,1407V018,1,1,Královehradecký kraj,CZ052,Hradec Králové ,CZ0521,Hradec Králové,5205,Hradec Králové ,569810,Hradecká ,1285,č.p.,,50003,https://www.uhk.cz/cs/prirodovedecka-fakulta/prf,POINT(50.2037950  15.8287967),15.8287967,50.203795,AVS167
168,Univerzita  Hradec Králové,18470,Přírodovědecká fakulta,Chemie,B1407,Chemie se zaměřením na vzdělávání,1407R014,8,8,Královehradecký kraj,CZ052,Hradec Králové ,CZ0521,Hradec Králové,5205,Hradec Králové ,569810,Hradecká ,1285,č.p.,,50003,https://www.uhk.cz/cs/prirodovedecka-fakulta/prf,POINT(50.2037950  15.8287967),15.8287967,50.203795,AVS168
169,Univerzita  Hradec Králové,18470,Přírodovědecká fakulta,Chemie,B1407,Toxikologie a analýza škodlivin,1407R016,6,6,Královehradecký kraj,CZ052,Hradec Králové ,CZ0521,Hradec Králové,5205,Hradec Králové ,569810,Hradecká ,1285,č.p.,,50003,https://www.uhk.cz/cs/prirodovedecka-fakulta/prf,POINT(50.2037950  15.8287967),15.8287967,50.203795,AVS169
170,Univerzita  Hradec Králové,18470,Přírodovědecká fakulta,Chemie,N1407,Učitelství biologie pro střední školy,7504T029,2,2,Královehradecký kraj,CZ052,Hradec Králové ,CZ0521,Hradec Králové,5205,Hradec Králové ,569810,Hradecká ,1285,č.p.,,50003,https://www.uhk.cz/cs/prirodovedecka-fakulta/prf,POINT(50.2037950  15.8287967),15.8287967,50.203795,AVS170
171,Univerzita  Hradec Králové,18470,Přírodovědecká fakulta,Informatika,B1801,,,6,6,Královehradecký kraj,CZ052,Hradec Králové ,CZ0521,Hradec Králové,5205,Hradec Králové ,569810,Hradecká ,1285,č.p.,,50003,https://www.uhk.cz/cs/prirodovedecka-fakulta/prf,POINT(50.2037950  15.8287967),15.8287967,50.203795,AVS171
172,Univerzita  Hradec Králové,18470,Přírodovědecká fakulta,Informatika,B1801,Informatika se zaměřením na vzdělávání,1802R023,6,6,Královehradecký kraj,CZ052,Hradec Králové ,CZ0521,Hradec Králové,5205,Hradec Králové ,569810,Hradecká ,1285,č.p.,,50003,https://www.uhk.cz/cs/prirodovedecka-fakulta/prf,POINT(50.2037950  15.8287967),15.8287967,50.203795,AVS172
173,Univerzita  Hradec Králové,18470,Přírodovědecká fakulta,Matematika,B1101,,,12,12,Královehradecký kraj,CZ052,Hradec Králové ,CZ0521,Hradec Králové,5205,Hradec Králové ,569810,Hradecká ,1285,č.p.,,50003,https://www.uhk.cz/cs/prirodovedecka-fakulta/prf,POINT(50.2037950  15.8287967),15.8287967,50.203795,AVS173
174,Univerzita  Hradec Králové,18470,Přírodovědecká fakulta,Matematika,N1101,,,7,7,Královehradecký kraj,CZ052,Hradec Králové ,CZ0521,Hradec Králové,5205,Hradec Králové ,569810,Hradecká ,1285,č.p.,,50003,https://www.uhk.cz/cs/prirodovedecka-fakulta/prf,POINT(50.2037950  15.8287967),15.8287967,50.203795,AVS174
175,Univerzita  Hradec Králové,18470,Přírodovědecká fakulta,Matematika,B1101,Biologie se zaměřením na vzdělávání,7504R002,4,4,Královehradecký kraj,CZ052,Hradec Králové ,CZ0521,Hradec Králové,5205,Hradec Králové ,569810,Hradecká ,1285,č.p.,,50003,https://www.uhk.cz/cs/prirodovedecka-fakulta/prf,POINT(50.2037950  15.8287967),15.8287967,50.203795,AVS175
176,Univerzita  Hradec Králové,18470,Přírodovědecká fakulta,Matematika,B1101,Historie se zaměřením na vzdělávání,7105R056,1,1,Královehradecký kraj,CZ052,Hradec Králové ,CZ0521,Hradec Králové,5205,Hradec Králové ,569810,Hradecká ,1285,č.p.,,50003,https://www.uhk.cz/cs/prirodovedecka-fakulta/prf,POINT(50.2037950  15.8287967),15.8287967,50.203795,AVS176
177,Univerzita  Hradec Králové,18470,Přírodovědecká fakulta,Matematika,B1101,Matematika se zaměřením na vzdělávání,7504R015,7,7,Královehradecký kraj,CZ052,Hradec Králové ,CZ0521,Hradec Králové,5205,Hradec Králové ,569810,Hradecká ,1285,č.p.,,50003,https://www.uhk.cz/cs/prirodovedecka-fakulta/prf,POINT(50.2037950  15.8287967),15.8287967,50.203795,AVS177
178,Univerzita  Hradec Králové,18470,Přírodovědecká fakulta,Matematika,N1101,Učitelství matematiky pro SŠ,7504T088,7,7,Královehradecký kraj,CZ052,Hradec Králové ,CZ0521,Hradec Králové,5205,Hradec Králové ,569810,Hradecká ,1285,č.p.,,50003,https://www.uhk.cz/cs/prirodovedecka-fakulta/prf,POINT(50.2037950  15.8287967),15.8287967,50.203795,AVS178
179,Univerzita  Hradec Králové,18470,Přírodovědecká fakulta,Matematika se zaměřením na vzdělávání,B0114A170006,,,1,1,Královehradecký kraj,CZ052,Hradec Králové ,CZ0521,Hradec Králové,5205,Hradec Králové ,569810,Hradecká ,1285,č.p.,,50003,https://www.uhk.cz/cs/prirodovedecka-fakulta/prf,POINT(50.2037950  15.8287967),15.8287967,50.203795,AVS179
180,Univerzita  Hradec Králové,18470,Přírodovědecká fakulta,Specializace v pedagogice,P7507,,,1,1,Královehradecký kraj,CZ052,Hradec Králové ,CZ0521,Hradec Králové,5205,Hradec Králové ,569810,Hradecká ,1285,č.p.,,50003,https://www.uhk.cz/cs/prirodovedecka-fakulta/prf,POINT(50.2037950  15.8287967),15.8287967,50.203795,AVS180
181,Univerzita  Hradec Králové,18470,Přírodovědecká fakulta,Specializace v pedagogice,P7507,Teorie vzdělávání ve fyzice,7501V026,1,1,Královehradecký kraj,CZ052,Hradec Králové ,CZ0521,Hradec Králové,5205,Hradec Králové ,569810,Hradecká ,1285,č.p.,,50003,https://www.uhk.cz/cs/prirodovedecka-fakulta/prf,POINT(50.2037950  15.8287967),15.8287967,50.203795,AVS181
182,Univerzita  Hradec Králové,18470,Přírodovědecká fakulta,Učitelství fyziky a matematiky pro střední školy,N0114A110004,,,1,1,Královehradecký kraj,CZ052,Hradec Králové ,CZ0521,Hradec Králové,5205,Hradec Králové ,569810,Hradecká ,1285,č.p.,,50003,https://www.uhk.cz/cs/prirodovedecka-fakulta/prf,POINT(50.2037950  15.8287967),15.8287967,50.203795,AVS182
183,Univerzita  Hradec Králové,18470,Přírodovědecká fakulta,Učitelství informatiky a fyziky pro střední školy,N0114A140002,,,1,1,Královehradecký kraj,CZ052,Hradec Králové ,CZ0521,Hradec Králové,5205,Hradec Králové ,569810,Hradecká ,1285,č.p.,,50003,https://www.uhk.cz/cs/prirodovedecka-fakulta/prf,POINT(50.2037950  15.8287967),15.8287967,50.203795,AVS183
184,Univerzita  Hradec Králové,18470,Přírodovědecká fakulta,Učitelství informatiky a matematiky pro střední školy,N0114A140003,,,1,1,Královehradecký kraj,CZ052,Hradec Králové ,CZ0521,Hradec Králové,5205,Hradec Králové ,569810,Hradecká ,1285,č.p.,,50003,https://www.uhk.cz/cs/prirodovedecka-fakulta/prf,POINT(50.2037950  15.8287967),15.8287967,50.203795,AVS184
185,Univerzita  Hradec Králové,18900,celoškolská pracoviště,Sociální politika a sociální práce,B6731,,,20,20,Královehradecký kraj,CZ052,Hradec Králové ,CZ0521,Hradec Králové,5205,Hradec Králové ,569810,Rokitanského ,62,č.p.,26,50003,https://www.uhk.cz/,POINT(50.2089794  15.8301381),15.8301381,50.2089794,AVS185
186,Univerzita  Hradec Králové,18900,celoškolská pracoviště,Sociální politika a sociální práce,N6731,,,36,36,Královehradecký kraj,CZ052,Hradec Králové ,CZ0521,Hradec Králové,5205,Hradec Králové ,569810,Rokitanského ,62,č.p.,26,50003,https://www.uhk.cz/,POINT(50.2089794  15.8301381),15.8301381,50.2089794,AVS186
187,Univerzita  Hradec Králové,18900,celoškolská pracoviště,Sociální politika a sociální práce,B6731,Sociální práce,6731R012,13,13,Královehradecký kraj,CZ052,Hradec Králové ,CZ0521,Hradec Králové,5205,Hradec Králové ,569810,Rokitanského ,62,č.p.,26,50003,https://www.uhk.cz/,POINT(50.2089794  15.8301381),15.8301381,50.2089794,AVS187
188,Univerzita  Hradec Králové,18900,celoškolská pracoviště,Sociální politika a sociální práce,N6731,Sociální práce,6731T012,36,36,Královehradecký kraj,CZ052,Hradec Králové ,CZ0521,Hradec Králové,5205,Hradec Králové ,569810,Rokitanského ,62,č.p.,26,50003,https://www.uhk.cz/,POINT(50.2089794  15.8301381),15.8301381,50.2089794,AVS188
189,Univerzita  Hradec Králové,18900,celoškolská pracoviště,Sociální politika a sociální práce,B6731,Sociální práce s osobami se sníženou soběstačností,6731R029,4,4,Královehradecký kraj,CZ052,Hradec Králové ,CZ0521,Hradec Králové,5205,Hradec Králové ,569810,Rokitanského ,62,č.p.,26,50003,https://www.uhk.cz/,POINT(50.2089794  15.8301381),15.8301381,50.2089794,AVS189
190,Univerzita  Hradec Králové,18900,celoškolská pracoviště,Sociální politika a sociální práce,B6731,Sociální práce ve veřejné správě,6731R023,3,3,Královehradecký kraj,CZ052,Hradec Králové ,CZ0521,Hradec Králové,5205,Hradec Králové ,569810,Rokitanského ,62,č.p.,26,50003,https://www.uhk.cz/,POINT(50.2089794  15.8301381),15.8301381,50.2089794,AVS190
191,Univerzita Karlova,11150,Lékařská fakulta v Hradci  Králové,"Anatomie, histologie a embryologie",P0912D350077,,,2,2,Královehradecký kraj,CZ052,Hradec Králové ,CZ0521,Hradec Králové,5205,Hradec Králové ,569810,Šimkova ,870,č.p.,,50003,https://www.lfhk.cuni.cz/,POINT(50.2138214  15.8350544),15.8350544,50.2138214,AVS191
192,Univerzita Karlova,11150,Lékařská fakulta v Hradci  Králové,Fyziologie a patologická fyziologie,P0912D350063,,,1,1,Královehradecký kraj,CZ052,Hradec Králové ,CZ0521,Hradec Králové,5205,Hradec Králové ,569810,Šimkova ,870,č.p.,,50003,https://www.lfhk.cuni.cz/,POINT(50.2138214  15.8350544),15.8350544,50.2138214,AVS192
193,Univerzita Karlova,11150,Lékařská fakulta v Hradci  Králové,Gynekologie a porodnictví,P0912D350054,,,1,1,Královehradecký kraj,CZ052,Hradec Králové ,CZ0521,Hradec Králové,5205,Hradec Králové ,569810,Šimkova ,870,č.p.,,50003,https://www.lfhk.cuni.cz/,POINT(50.2138214  15.8350544),15.8350544,50.2138214,AVS193
194,Univerzita Karlova,11150,Lékařská fakulta v Hradci  Králové,"Hygiena, preventivní lékařství",P0912D350056,,,1,1,Královehradecký kraj,CZ052,Hradec Králové ,CZ0521,Hradec Králové,5205,Hradec Králové ,569810,Šimkova ,870,č.p.,,50003,https://www.lfhk.cuni.cz/,POINT(50.2138214  15.8350544),15.8350544,50.2138214,AVS194
195,Univerzita Karlova,11150,Lékařská fakulta v Hradci  Králové,Chirurgie,P0912D350030,,,1,1,Královehradecký kraj,CZ052,Hradec Králové ,CZ0521,Hradec Králové,5205,Hradec Králové ,569810,Šimkova ,870,č.p.,,50003,https://www.lfhk.cuni.cz/,POINT(50.2138214  15.8350544),15.8350544,50.2138214,AVS195
196,Univerzita Karlova,11150,Lékařská fakulta v Hradci  Králové,Klinická onkologie a radioterapie,P0912D350060,,,1,1,Královehradecký kraj,CZ052,Hradec Králové ,CZ0521,Hradec Králové,5205,Hradec Králové ,569810,Šimkova ,870,č.p.,,50003,https://www.lfhk.cuni.cz/,POINT(50.2138214  15.8350544),15.8350544,50.2138214,AVS196
197,Univerzita Karlova,11150,Lékařská fakulta v Hradci  Králové,Lékařská farmakologie,P0912D350051,,,3,3,Královehradecký kraj,CZ052,Hradec Králové ,CZ0521,Hradec Králové,5205,Hradec Králové ,569810,Šimkova ,870,č.p.,,50003,https://www.lfhk.cuni.cz/,POINT(50.2138214  15.8350544),15.8350544,50.2138214,AVS197
198,Univerzita Karlova,11150,Lékařská fakulta v Hradci  Králové,Lékařská chemie a biochemie,P0912D350058,,,2,2,Královehradecký kraj,CZ052,Hradec Králové ,CZ0521,Hradec Králové,5205,Hradec Králové ,569810,Šimkova ,870,č.p.,,50003,https://www.lfhk.cuni.cz/,POINT(50.2138214  15.8350544),15.8350544,50.2138214,AVS198
199,Univerzita Karlova,11150,Lékařská fakulta v Hradci  Králové,Lékařská imunologie,P0912D350047,,,2,2,Královehradecký kraj,CZ052,Hradec Králové ,CZ0521,Hradec Králové,5205,Hradec Králové ,569810,Šimkova ,870,č.p.,,50003,https://www.lfhk.cuni.cz/,POINT(50.2138214  15.8350544),15.8350544,50.2138214,AVS199
200,Univerzita Karlova,11150,Lékařská fakulta v Hradci  Králové,Lékařská mikrobiologie,P0912D350078,,,1,1,Královehradecký kraj,CZ052,Hradec Králové ,CZ0521,Hradec Králové,5205,Hradec Králové ,569810,Šimkova ,870,č.p.,,50003,https://www.lfhk.cuni.cz/,POINT(50.2138214  15.8350544),15.8350544,50.2138214,AVS200
201,Univerzita Karlova,11150,Lékařská fakulta v Hradci  Králové,Neurologie,P0912D350018,,,1,1,Královehradecký kraj,CZ052,Hradec Králové ,CZ0521,Hradec Králové,5205,Hradec Králové ,569810,Šimkova ,870,č.p.,,50003,https://www.lfhk.cuni.cz/,POINT(50.2138214  15.8350544),15.8350544,50.2138214,AVS201
202,Univerzita Karlova,11150,Lékařská fakulta v Hradci  Králové,Ošetřovatelství,B5341,,,23,23,Královehradecký kraj,CZ052,Hradec Králové ,CZ0521,Hradec Králové,5205,Hradec Králové ,569810,Šimkova ,870,č.p.,,50003,https://www.lfhk.cuni.cz/,POINT(50.2138214  15.8350544),15.8350544,50.2138214,AVS202
203,Univerzita Karlova,11150,Lékařská fakulta v Hradci  Králové,Ošetřovatelství,B5341,Všeobecná sestra,5341R009,23,23,Královehradecký kraj,CZ052,Hradec Králové ,CZ0521,Hradec Králové,5205,Hradec Králové ,569810,Šimkova ,870,č.p.,,50003,https://www.lfhk.cuni.cz/,POINT(50.2138214  15.8350544),15.8350544,50.2138214,AVS203
204,Univerzita Karlova,11150,Lékařská fakulta v Hradci  Králové,Patologie,P0912D350032,,,1,1,Královehradecký kraj,CZ052,Hradec Králové ,CZ0521,Hradec Králové,5205,Hradec Králové ,569810,Šimkova ,870,č.p.,,50003,https://www.lfhk.cuni.cz/,POINT(50.2138214  15.8350544),15.8350544,50.2138214,AVS204
205,Univerzita Karlova,11150,Lékařská fakulta v Hradci  Králové,Radiologie,P0912D350035,,,3,3,Královehradecký kraj,CZ052,Hradec Králové ,CZ0521,Hradec Králové,5205,Hradec Králové ,569810,Šimkova ,870,č.p.,,50003,https://www.lfhk.cuni.cz/,POINT(50.2138214  15.8350544),15.8350544,50.2138214,AVS205
206,Univerzita Karlova,11150,Lékařská fakulta v Hradci  Králové,Vnitřní nemoci,P0912D350065,,,2,2,Královehradecký kraj,CZ052,Hradec Králové ,CZ0521,Hradec Králové,5205,Hradec Králové ,569810,Šimkova ,870,č.p.,,50003,https://www.lfhk.cuni.cz/,POINT(50.2138214  15.8350544),15.8350544,50.2138214,AVS206
207,Univerzita Karlova,11150,Lékařská fakulta v Hradci  Králové,Všeobecné lékařství,M5103,,,186,186,Královehradecký kraj,CZ052,Hradec Králové ,CZ0521,Hradec Králové,5205,Hradec Králové ,569810,Šimkova ,870,č.p.,,50003,https://www.lfhk.cuni.cz/,POINT(50.2138214  15.8350544),15.8350544,50.2138214,AVS207
208,Univerzita Karlova,11150,Lékařská fakulta v Hradci  Králové,Všeobecné lékařství,M5103,Kmenový obor: Všeobecné lékařství,5103T000,186,186,Královehradecký kraj,CZ052,Hradec Králové ,CZ0521,Hradec Králové,5205,Hradec Králové ,569810,Šimkova ,870,č.p.,,50003,https://www.lfhk.cuni.cz/,POINT(50.2138214  15.8350544),15.8350544,50.2138214,AVS208
209,Univerzita Karlova,11150,Lékařská fakulta v Hradci  Králové,Zubní lékařství,M5111,,,40,40,Královehradecký kraj,CZ052,Hradec Králové ,CZ0521,Hradec Králové,5205,Hradec Králové ,569810,Šimkova ,870,č.p.,,50003,https://www.lfhk.cuni.cz/,POINT(50.2138214  15.8350544),15.8350544,50.2138214,AVS209
210,Univerzita Karlova,11150,Lékařská fakulta v Hradci  Králové,Zubní lékařství,M5111,Kmenový obor: Stomatologie,5104T000,40,40,Královehradecký kraj,CZ052,Hradec Králové ,CZ0521,Hradec Králové,5205,Hradec Králové ,569810,Šimkova ,870,č.p.,,50003,https://www.lfhk.cuni.cz/,POINT(50.2138214  15.8350544),15.8350544,50.2138214,AVS210
211,Univerzita Karlova,11160,Farmaceutická fakulta v Hradci  Králové,Bioanalytická laboratorní diagnostika ve zdravotnictví,N0914P360004,,,28,28,Královehradecký kraj,CZ052,Hradec Králové ,CZ0521,Hradec Králové,5205,Hradec Králové ,569810,Akademika Heyrovského,1203,č.p.,,50003,https://www.faf.cuni.cz/,POINT(50.2014822  15.8358164),15.8358164,50.2014822,AVS211
212,Univerzita Karlova,11160,Farmaceutická fakulta v Hradci  Králové,Bioanalytické metody,P0914D360003,,,2,2,Královehradecký kraj,CZ052,Hradec Králové ,CZ0521,Hradec Králové,5205,Hradec Králové ,569810,Akademika Heyrovského,1203,č.p.,,50003,https://www.faf.cuni.cz/,POINT(50.2014822  15.8358164),15.8358164,50.2014822,AVS212
213,Univerzita Karlova,11160,Farmaceutická fakulta v Hradci  Králové,Farmacie,M5206,,,176,171,Královehradecký kraj,CZ052,Hradec Králové ,CZ0521,Hradec Králové,5205,Hradec Králové ,569810,Akademika Heyrovského,1203,č.p.,,50003,https://www.faf.cuni.cz/,POINT(50.2014822  15.8358164),15.8358164,50.2014822,AVS213
214,Univerzita Karlova,11160,Farmaceutická fakulta v Hradci  Králové,Farmacie,M5206,Farmacie,5206T004,176,171,Královehradecký kraj,CZ052,Hradec Králové ,CZ0521,Hradec Králové,5205,Hradec Králové ,569810,Akademika Heyrovského,1203,č.p.,,50003,https://www.faf.cuni.cz/,POINT(50.2014822  15.8358164),15.8358164,50.2014822,AVS214
215,Univerzita Karlova,11160,Farmaceutická fakulta v Hradci  Králové,Farmakognosie a nutraceutika,P0916D080002,,,1,1,Královehradecký kraj,CZ052,Hradec Králové ,CZ0521,Hradec Králové,5205,Hradec Králové ,569810,Akademika Heyrovského,1203,č.p.,,50003,https://www.faf.cuni.cz/,POINT(50.2014822  15.8358164),15.8358164,50.2014822,AVS215
216,Univerzita Karlova,11160,Farmaceutická fakulta v Hradci  Králové,Farmakologie a toxikologie,P0916D080009,,,2,2,Královehradecký kraj,CZ052,Hradec Králové ,CZ0521,Hradec Králové,5205,Hradec Králové ,569810,Akademika Heyrovského,1203,č.p.,,50003,https://www.faf.cuni.cz/,POINT(50.2014822  15.8358164),15.8358164,50.2014822,AVS216
217,Univerzita Karlova,11160,Farmaceutická fakulta v Hradci  Králové,Klinická a sociální farmacie,P0916D080001,,,3,3,Královehradecký kraj,CZ052,Hradec Králové ,CZ0521,Hradec Králové,5205,Hradec Králové ,569810,Akademika Heyrovského,1203,č.p.,,50003,https://www.faf.cuni.cz/,POINT(50.2014822  15.8358164),15.8358164,50.2014822,AVS217
218,Univerzita Karlova,11160,Farmaceutická fakulta v Hradci  Králové,Laboratorní diagnostika ve zdravotnictví,B0914A360002,,,18,18,Královehradecký kraj,CZ052,Hradec Králové ,CZ0521,Hradec Králové,5205,Hradec Králové ,569810,Akademika Heyrovského,1203,č.p.,,50003,https://www.faf.cuni.cz/,POINT(50.2014822  15.8358164),15.8358164,50.2014822,AVS218
219,Univerzita Karlova,11160,Farmaceutická fakulta v Hradci  Králové,Pharmacognosy and Nutraceuticals,P0916D080003,,,1,1,Královehradecký kraj,CZ052,Hradec Králové ,CZ0521,Hradec Králové,5205,Hradec Králové ,569810,Akademika Heyrovského,1203,č.p.,,50003,https://www.faf.cuni.cz/,POINT(50.2014822  15.8358164),15.8358164,50.2014822,AVS219
220,Univerzita Karlova,11160,Farmaceutická fakulta v Hradci  Králové,Pharmacology and Toxicology,P0916D080012,,,1,1,Královehradecký kraj,CZ052,Hradec Králové ,CZ0521,Hradec Králové,5205,Hradec Králové ,569810,Akademika Heyrovského,1203,č.p.,,50003,https://www.faf.cuni.cz/,POINT(50.2014822  15.8358164),15.8358164,50.2014822,AVS220
221,Univerzita Karlova,11160,Farmaceutická fakulta v Hradci  Králové,Xenobiochemie a patobiochemie,P0916D080013,,,2,2,Královehradecký kraj,CZ052,Hradec Králové ,CZ0521,Hradec Králové,5205,Hradec Králové ,569810,Akademika Heyrovského,1203,č.p.,,50003,https://www.faf.cuni.cz/,POINT(50.2014822  15.8358164),15.8358164,50.2014822,AVS221
222,Univerzita Karlova,11160,Farmaceutická fakulta v Hradci  Králové,Zdravotnická bioanalytika,B5207,,,8,8,Královehradecký kraj,CZ052,Hradec Králové ,CZ0521,Hradec Králové,5205,Hradec Králové ,569810,Akademika Heyrovského,1203,č.p.,,50003,https://www.faf.cuni.cz/,POINT(50.2014822  15.8358164),15.8358164,50.2014822,AVS222
223,Univerzita Karlova,11160,Farmaceutická fakulta v Hradci  Králové,Zdravotnická bioanalytika,B5207,Zdravotní laborant,5345R020,8,8,Královehradecký kraj,CZ052,Hradec Králové ,CZ0521,Hradec Králové,5205,Hradec Králové ,569810,Akademika Heyrovského,1203,č.p.,,50003,https://www.faf.cuni.cz/,POINT(50.2014822  15.8358164),15.8358164,50.2014822,AVS223
